Workbook
Name diploma: #REF!

Sheet Menu
A2: AKREDITASI INSTITUSI PERGURUAN TINGGI BARU
A3: TAHUN 2023
C6: Nama Badan Penyelenggara | G6: : | H6: Yayasan Ibnu Atha’illah
C8: Bentuk Perguruan Tinggi | G8: : | H8: Institut
C10: Kode Panel | G10: :
B13: ASESMEN KECUKUPAN | N13: ASESMEN LAPANGAN
B14: (Penilaian Perorangan) | N14: (Penilaian Tim)
B16: Nama Asesor | E16: : | F16: Prof. Dr. Ramdani Wahyu S | N16: Nama Asesor 1 | Q16: : | R16: Prof. Dr. Ramdani Wahyu Sururie
B18: Kota Penilaian | E18: : | F18: Bandung | N18: Nama Asesor 2 | Q18: : | R18: Prof. Dr. Fauzan, MA
B20: Tanggal Penilaian | E20: : | F20: 12 Mei 2026 | N20: Nama Asesor 3 | Q20: :
N22: Kota Penilaian | Q22: : | R22: Sungai Hulu Selatan
N24: Tanggal Penilaian | Q24: : | R24: 24 Mei 2026
B25: ban-pt | C25: v 11.06.2016
B31: Universitas
B32: Institut
B33: Sekolah Tinggi
B34: Politeknik
B35: Akademi

Sheet hitung_F1
A1: INSTRUMEN AKREDITASI INSTITUSI PERGURUAN TINGGI BARU
A2: SEL YANG DIISI HANYA YANG BERWARNA KUNING
A3: NO. | B3: BUTIR | C3: KETERANGAN | E3: SKOR, YA/TIDAK | G3: INFORMASI DARI INSTRUMEN PERGURUAN TINGGI BARU
A4: 1 | B4: 1.1 | C4: Kejelasan, kerealistikan, dan keterkaitan antar visi, misi, tujuan dan sasaran perguruan tinggi yang akan didirikan, dan pemangku kepentingan yang terlibat. | G4: Penyusunan Visi, Misi, Tujuan, dan Sasaran Pendirian Institut Agama Islam (IAI) Guru Kapuh Ibnu Atha’illah (GHIBTA) dilakukan berdasarkan kajian terhadap tantangan serta kebutuhan yang muncul baik dari lingkungan eksternal maupun internal lembaga. Visi IAI: Menjadi Institut Agama Islam Guru Kapuh Ibnu Atha’illah Yang Unggul dalam memadukan keimanan, nilai Qur’an, adab dan keilmuan serta melahirkan generasi yang berdaya guna bagi umat dan berjiwa entrepreneur. Dalam penyusunan sudah melibatkan pihak internal dan eksternal, spt: Pondok Pesantren (Induk/Afiliasi), Pengguna Lulusan (Alumni & Dunia Kerja), Pemerintah (Kemenag, LLDIKTI, Pemda), Masyarakat/Komunitas Lokal, dan Mitra Kerja Sama (Perguruan Tinggi, NGO & Bank Syariah). Secara konseptual sudah ada kelajalasan arah visi yg diharapkan. Visi cukup realitisk karena adanya dukungan SDM dosen tendik yg memadai, ketersedian sarpras pendukung, serta tata kelola kelembagaan yg disiapkan, Konsep Visi memiliki keterkaitan arah dg mimpi atau keinginan Yayasan, yakni melahirkan generasi unggul yg berilmu pengetahuan, berakhlak al-karimah, dan mampu mengadaptasi perkembangan zaman
D5: Skor keterlibatan pemangku kepentingan (0 - 4) | E5: 3 | F5: =IF(E5>4,"Salah isi","")
D6: Skor kejelasan (0 - 4) | E6: 3 | F6: =IF(E6>4,"Salah isi","")
D7: Skor kerealistikan (0 - 4) | E7: 3 | F7: =IF(E7>4,"Salah isi","")
D8: Skor keterkaitan (0 - 4) | E8: 3 | F8: =IF(E8>4,"Salah isi","")
D9: Rata-rata | E9: =AVERAGE(E5:E8) -> 3
C10: Skor | E10: =E9 -> 3
A12: 2 | B12: 1.2 | C12: Perguruan tinggi yang akan didirikan menetapkan rancangan tonggak-tonggak capaian tujuan dengan rentang waktu 5 atau 10 tahun ke depan. | G12: Rencana Induk Pengembangan (RIP) IAI Guru Kapuh Ibnu Atha’illah (GHIBTA) 2025–2047 dijelaskan arah pengembangan lembaga menuju visi tahun 2047 dengan uraian sebagai berikut: Pertama, Tahap Forming, Established Institute. tahun 2032 IAI Guru Kapuh Ibnu Atha’illah (GHIBTA) bertransformasi menjadi Institut Agama Islam (IAI) Guru Kapuh Ibnu Atha’illah (GHIBTA). Kedua, Tahap Growing tahun 2032 menuju Universitas yang unggul dalam menghasilkan Ulama, Umaro dan Cendekiawan Muslim Dunia.
D13: Skor rumusan tujuan yang akan dicapai (0 - 4) | E13: 3 | F13: =IF(E13>4,"Salah isi","")
D14: Skor tonggak-tonggak pencapaian (0 - 4) | E14: 3 | F14: =IF(E14>4,"Salah isi","")
D15: Rata-rata | E15: 3
C16: Skor | E16: 3
A18: Penilaian butir no. 3 dilakukan oleh evaluator bidang hukum
A19: 3 | B19: 2.1.1 | C19: Badan penyelenggara (yayasan, persyarikatan, perkumpulan, paguyuban, ormas) memiliki akta notaris tentang pendirian atau perubahan badan penyelenggara tersebut. Persyaratan akta notaris untuk pendirian atau perubahan bentuk perguruan tinggi: a. Salinan akta notaris telah dilegalisasi (pernyataan sesuai dengan aslinya) oleh notaris dengan ‘cap basah’; b. Akta notaris tersebut mencantumkan ‘mendirikan perguruan tinggi’ atau istilah lain yang sejenis sebagai tujuan pendirian badan penyelenggara tersebut; c. Semua akta notaris tentang perubahan badan penyelenggara (jika badan penyelenggara melakukan perubahan badan penyelenggara) yang dapat menunjukkan hubungan antar akta notaris yang runtut. | E19: Ya | G19: Penyelenggara Institut Agama Islam (IAI) Guru Kapuh Ibnu Atha’illah (GIBTHA) adalah Lembaga Pendidikan Yayasan Ibnu Athaillah Indonesia dengan telah terdaftar di Notaris MARIA SEPTIANI SOFIA, SH., M.KN. tercatat SK. MENKEH & HAM RI No AHU-08705.50.10.2014. TANGGAL 06 NOVEMBER 2014
D20: Pilih "Ya" jika dokumen telah dilegalisasi, tujuan pendirian menyebutkan tujuan penyelenggaraan pendidikan, ada kesinambungan akta apabila terjadi perubahan yayasan. | E20: Ya
D21: Pilih "Tidak" jika dokumen tidak dilegalisasi dan/atau tidak menyebutkan tujuan penyelenggaraan pendidikan, dan/atau kesinambungan akta apabila terjadi perubahan yayasan. | E21: Tidak
C22: =IF(E22=4,"SYARAT MUTLAK TERPENUHI","SYARAT MUTLAK TIDAK TERPENUHI") -> SYARAT MUTLAK TERPENUHI | E22: =IF(E19="Ya",4,0) -> 4
A24: Penilaian butir no. 4 dilakukan oleh evaluator bidang hukum
A25: 4 | B25: 2.1.2 | C25: Badan penyelenggara telah memiliki: a. Surat keputusan pejabat berwenang (a.l.: Kemenkumham; Berita Negara) tentang pengesahan badan penyelenggara sebagai badan hukum, yang: 1) mencantumkan Nomor akta notaris pendirian badan penyelenggara yang cocok dengan Nomor akta notaris sebagaimana tercantum dalam Akta Notaris pendirian badan penyelenggara ybs.; dan 2) mencantumkan Nama badan penyelenggara yang cocok dengan Nama badan penyelenggara sebagaimana tercantum dalam akta notaris pendirian badan penyelenggara ybs; dan/atau b. Surat dari pejabat berwenang (a.l.: Kemenkumham) tentang pencatatan penyesuaian dengan peraturan perundang-undangan atau perubahan susunan pengurus badan penyelenggara. Salinan dokumen pada huruf a dan huruf b telah dilegalisasi (pernyataan sesuai dengan aslinya) oleh notaris dengan ‘cap basah’. | E25: Ya | G25: Badan Penyelenggara telah memiliki Surat Keputusan Pejabat Berwenang daro Kemenkumham melelui Notaris: MARIA SEPTIANI SOFIA, SH., M.KN. NOTARIS. PPAT, SK. MENKEH & HAM RI No. AHU-08705.50.10.2014. TANGGAL 06 NOVEMBER 2014 PENGESAHAN PENDIRIAN YAYASAN IBNU ATHA’ILLAH TANGGAL : 06 November 2014. Pada Pasal 3 disebutkan: Yayasan berberak pada bidang Pendidikan meliputi: Mendirikan Menyelenggarakan lembaga-lembaga pendidikan yang bersifat formal dan nonformal meliputi jenjang pendidikan pra-sekolah sampai tingkat perguruan tinggi atau pascasarjana
D26: Pilih "Ya" jika dokumen dilegalisasi dan kecocokan nomor akta yang tercantum di akta notaris dan nomor akta yang tercantum di SK atau surat pernyataan dan Kemkumham. | E26: Ya
D27: Pilih "Tidak" jika dokumen tidak dilegalisasi dan tidak terdapat kecocokan nomor akta yang tercantum di akta notaris dan nomor akta yang tercantum di SK atau surat pernyataan dan Kemkumham. | E27: Tidak
C28: =IF(E28=4,"SYARAT MUTLAK TERPENUHI","SYARAT MUTLAK TIDAK TERPENUHI") -> SYARAT MUTLAK TERPENUHI | E28: =IF(E25="Ya",4,0) -> 4
A30: 5 | B30: 2.2.1 | C30: Perguruan Tinggi memiliki rancangan tata pamong yang memungkinkan terlaksananya prinsip-prinsip tata pamong secara konsisten, terutama yang terkait dengan pelaku tata pamong dan sistem pengelolaan yang baik (instrumen, perangkat pendukung, kebijakan dan peraturan, serta kode etik). | E30: 3 | F30: =IF(E30>4,"Salah isi","") | G30: Rancangan tata pamong yang akan diberlakukan Institut Agama Islam (IAI) Guru Kapuh Ibnu Atha’illah (GIBTHA) bertujuan untuk membangun sistem pengelolaan yang kredibel, transparan, akuntabel, bertanggung jawab, dan adil, sesuai dengan prinsip-prinsip good university governance (GUG); indikator yg dapat diuraikan tentang pelaksanaan tata pemong kredibel terlihat dari: (1) Kredible, terlihat seluruh proses manajerial dan akademik harus didukung oleh basis empiris (evidence-based) dan justifikasi normatif. (2) Transparan, tercerrmin pada eterbukaan informasi publik (misalnya, laporan keuangan, kebijakan SDM, dan kriteria penerimaan) tetapi juga artikulasi yang eksplisit mengenai mekanisme pengambilan keputusan. (3) Akuntable, tercermin adanya kebijakan yang jelas dan keterbukaan terhadap proses pengambilan keputusan. (4) Bertanggung jawab: secara kelembagaan IAI memiliki alur pendistribusian kerja yg sudah memada. Pilar ini bertugas memastikan institusi tetap mematuhi hukum dan bertanggung jawab secara etis. IPT harus berjalan sesuai dengan aturan yang berlaku di negara, serta lebih dari itu, menggabungkan prinsip Tanggung Jawab Sosial Institusi (TSI) atau Corporate Social Responsibility (CSR), dan (5) Adil; tercermin adanya kesetaraan perlakuan dan objektivitas dalam interaksi antara institusi dengan seluruh civitas academica dan mitra. Ini diwujudkan melalui prosedur yang imparsial dalam pengelolaan sumber daya manusia, pengadaan barang/jasa, dan penentuan hak serta kewajiban.
C31: 4 | D31: Memenuhi lima pilar: kredibel, transparan, akuntabel, bertanggung jawab, dan adil.
C32: 3 | D32: Memenuhi empat dari lima pilar: kredibel, transparan, akuntabel, bertanggung jawab, dan adil.
C33: 2 | D33: Memenuhi tiga dari lima pilar: kredibel, transparan, akuntabel, bertanggung jawab, dan adil.
C34: 1 | D34: Memenuhi satu atau dua dari lima pilar: kredibel, transparan, akuntabel, bertanggung jawab, dan adil.
C35: 0 | D35: PT tidak memenuhi rancangan tata pamong.
C36: Skor | E36: =IF(E30>4,"Salah Isi", E30) -> 3
A38: 6 | B38: 2.2.2 | C38: Rancangan struktur organisasi yang disesuaikan dengan kebutuhan penyelenggaraan dan pengembangan perguruan tinggi yang bermutu serta menjamin pelaksanaan otonomi perguruan tinggi. Unsur dalam struktur organisasi: (1) penyusun kebijakan, (2) pelaksana akademik, (3) pengawas dan penjaminan mutu, (4) penunjang akademik atau sumber belajar, dan (5) pelaksana administrasi atau tata usaha. | E38: 3 | F38: =IF(E38>4,"Salah isi","") | G38: Terdapat gambaran jelas tentang rancangan struktur organisasi IAI GIBTHA terdiri dari: 1) Rektor, 2) Wakil Rektor 123, sebagai Penyusun Kebijakan; 3) Ketua Prodi dan Sekretaris Prodi sebagai pelaksana akademik; 4) LPM (Lembaga Penjaminan Mutu): sebagai pengawas dan penjamin mutu IAI, 5) Perpustakaan sebagai Penunjang Akademik/ Sumber Belajar, 6) Biro keuangan, Biro administrasi sebagai pelaksana administrasi. Ada penjelasan secara detail tentang jobdescription untuk masing-masing unit tersebut.
C39: 4 | D39: Rancangan struktur organisasi pada 5 (lima) fungsi unsur dan dilengkapi dengan deskripsi tertulis yang jelas tentang tugas, fungsi, wewenang, dan tanggung jawab, serta terlaksananya otonomi dengan sangat baik.
C40: 3 | D40: Rancangan struktur organisasi pada 4 (empat) fungsi unsur yang dilengkapi dengan deskripsi tertulis yang jelas tentang tugas, fungsi, wewenang, dan tanggung jawab.
C41: 2 | D41: Mempunyai 3 (tiga) fungsi unsur pertama yang dilengkapi dengan deskripsi tertulis yang jelas tentang tugas, fungsi, wewenang, dan tanggung jawab.
C42: 1 | D42: Tidak memiliki kelengkapan 3 (tiga) fungsi unsur pertama.
C43: 0 | D43: Tidak ada Skor kurang dari 1.
C44: Skor | E44: =IF(OR(E38<1,E38>4),"Salah Isi",E38) -> 3
A46: 7 | B46: 2.3.1 | C46: Perguruan tinggi memiliki rancangan dokumen sistem pengelolaan yang mencakup analisis jabatan, uraian tugas, prosedur kerja, serta program pengembangan kompetensi manajerial yang secara keseluruhan akan menjamin terjadinya proses pengelolaan yang efektif dan efisien di setiap unit kerja. | E46: 3 | F46: =IF(E46>4,"Salah isi","") | G46: Terdapat penjelasan secara baik dan memadai tentang IAI GHIBTA memiliki rancangan dokumen sistem pengelolaan yang mencakup (1) analisis jabatan dari setiap pengelola yg terpangpang dalam struktur organisasi, (2) uraian tugas lengkap dari setiap unsur yg ada, dan (3) prosedur kerja yg menggambarkan adanya hubungan timbal balik kerja antara satu unit dg unit lainnya, atasan bawahan. Rancangan program pengembangan kompetensi manajerial berupa: Peningkatan kompetensi manajerial dilakukan dengan mengacu kepada SK Yayasan. Program pengembangan meliputi kegiatan berikut: 1) Program Peningkatan Kompetensi manajerial Pimpinan; khusus untuk peningkatan kompetensi diberikan kepada unsur pimpinan untuk semua unit kerja di lingkungan IAI; 2) Peningkatan manajemen sumber daya manusia, 3) Peningkatan manajemen keuangan, dan 4) Peningkatan manajemen sarana prasarana.
C47: 4 | D47: Perguruan tinggi memiliki rancangan dokumen sistem pengelolaan yang mencakup: (1) analisis jabatan, (2) uraian tugas, dan (3) prosedur kerja, yang dapat menjamin keefektifan dan efisiensi manajemen operasional di setiap unit kerja. Selain itu Perguruan tinggi memiliki rencana pengembangan kompetensi manajerial dalam jangka panjang. | F47: =IF(E47<0,"Salah isi",IF(E47>4,"Salah isi",""))
C48: 3 | D48: Perguruan tinggi memiliki rancangan dokumen sistem pengelolaan yang mencakup: (1) analisis jabatan, (2) uraian tugas, dan (3) prosedur kerja, yang menggambarkan keefektifan dan efisiensi manajemen operasional di setiap unit kerja.
C49: 2 | D49: Perguruan tinggi memiliki rancangan dokumen sistem pengelolaan yang mencakup: (1) analisis jabatan, (2) uraian tugas, dan (3) prosedur kerja, yang menggambarkan keefektifan manajemen operasional di setiap unit kerja. | F49: =IF(E49<0,"Salah isi",IF(E49>4,"Salah isi",""))
C50: 1 | D50: Perguruan tinggi memiliki rancangan dokumen sistem pengelolaan yang hanya mencakup: (1) uraian tugas, dan (2) prosedur kerja.
C51: 0 | D51: Perguruan tinggi tidak memenuhi rancangan dokumen sistem pengelolaan.
C52: Skor | E52: =IF(E46>4,"Salah Isi",E46) -> 3
A54: 8 | B54: 2.3.2 | C54: Rancangan diseminasi/laporan hasil kerja perguruan tinggi secara berkala sebagai wujud akuntabilitas publik. | E54: 3 | F54: =IF(E54>4,"Salah isi","") | G54: Rancangan desiminasi/laporan hasil kerja PT secara berkala dirancang secara baik sebagai bukti pertanggungjawaban lembaga terhadap publik, merujuk pada: Standar Nasional Pendidikan Tinggi (SN-Dikti): Diseminasi merupakan bagian dari siklus Penetapan, Pelaksanaan, Evaluasi, Pengendalian, dan Peningkatan (PPEPP) dalam Sistem Penjaminan Mutu Internal (SPMI) perguruan tinggi, dan Peraturan Badan Akreditasi Nasional Perguruan Tinggi (BAN-PT). Dokumen laporan desiminasi antara lain: 1) Menyajikan bukti otentik kepada pemangku kepentingan (internal dan eksternal) bahwa penyelenggaraan pendidikan telah memenuhi standar mutu nasional dan internasional. 2) Evaluasi Kinerja: Mengidentifikasi kekuatan dan kelemahan institusi dengan membandingkan hasil aktual terhadap target Rencana Operasional (Renop) 2026– 2031, yang diukur melalui empat kategori indikator: Masukan, Proses, Keluaran, dan Danpak. 3) Berbasis IKU dan 9 Program Strategis sebagai landasan untuk perumusan kebijakan dan perbaikan mutu berkelanjutan.
C55: 4 | D55: Perguruan tinggi memiliki rancangan diseminasi/laporan hasil kerja kepada semua pemangku kepentingan (internal dan eksternal).
C56: 3 | D56: Perguruan tinggi memiliki rancangan diseminasi/laporan hasil kerja kepada badan penyelenggara dan pemangku kepentingan internal.
C57: 2 | D57: Perguruan tinggi memiliki rancangan diseminasi/laporan hasil kerja kepada badan penyelenggara.
C58: 1 | D58: Perguruan tinggi memiliki rancangan diseminasi/ laporan hasil kerja yang tidak dipublikasikan.
C59: 0 | D59: Perguruan tinggi tidak memiliki rancangan diseminasi/ laporan hasil kerja.
C60: Skor | E60: =IF(OR(E54<1,E54>4),"Salah Isi", E54) -> 3
A62: ="Bentuk Perguruan Tinggi : "&Menu!H8 -> Bentuk Perguruan Tinggi : Institut | E62: =IF(Menu!H8="Universitas",1,IF(Menu!H8="Institut",2,IF(Menu!H8="Sekolah Tinggi",3,IF(Menu!H8="Politeknik",4,5)))) -> 2
A64: Jika hasil penilaian akreditasi program studi baru belum ada, atau tidak ada program studi baru yang diusulkan, maka NPS_ijinbaru diisi dengan angka 0
A65: 9 | B65: 2.4.1.1 | C65: Jumlah program studi pada perguruan tinggi baru. | G65: Terdapat 4 PS yang diusulkan untuk menyertai usulan IAI GHIBTA Kalsel. yakni: 1) Program Studi Pendidikan Bahasa Arab (PBA), 2) Program Studi Manajemen Pendidikan Islam (MPI), 3) Program Studi Pendidikan Agama Islam (PAI), dan 4) Program Studi Ekonomi Syariah (ES).
C66: NPS_terakreditasi = Jumlah program studi yang terakreditasi (lihat tabel 2.4.2) | E66: 0
C67: NPS_usulbaru = Jumlah program studi baru yang diusulkan untuk mendapat akreditasi minimum | E67: 4
C68: NPS_usul = Jumlah program studi yang diusulkan (NPS_lama + NPS_usulbaru) | E68: =SUM(E66:E67) -> 4
C69: NPS_ijinbaru = Jumlah program studi baru yang terakreditasi minimum (berdasarkan hasil penilaian akreditasi program studi baru) | E69: 4 | F69: =IF(E69>E67,"Salah isi","")
C70: NPS = Jumlah program studi yang terakreditasi atau program studi baru yang terakreditasi minimum = NPS_lama + NPS_ijinbaru | E70: 4
D71: Universitas: minimal 10 program studi sarjana. | E71: 5
D72: Institut: minimal 6 program studi sarjana. | E72: =IF(AND($E$62=2,$E$70>=6),1,0) -> 0
D73: Sekolah Tinggi: minimal 1 program studi sarjana. | E73: =IF(AND($E$62=3,$E$70>=1),1,0) -> 0
D74: Politeknik: minimal 3 program studi diploma-3 dan/atau diploma-4. | E74: 4
D75: Akademi: minimal 1 program studi diploma-3. | E75: =IF(AND($E$62=5,$E$70>=1),1,0) -> 0
C76: =IF(E76=4,"SYARAT MUTLAK TERPENUHI","SYARAT MUTLAK TIDAK TERPENUHI") -> SYARAT MUTLAK TERPENUHI | E76: =IF(OR(E66<>0,E69<>0),IF(SUM(E71:E75)>0,4,0),0) -> 4
A78: Jika hasil penilaian akreditasi program studi baru belum ada, maka NPS_A dan NPS_B masing-masing diisi dengan angka 0
A79: 10 | B79: 2.4.1.2 | C79: Jumlah usulan program studi berdasarkan kelompok ilmu. | G79: Terdapat NPS_B = Jumlah program studi dari rumpun ilmu agama: 4 PS, yakni:1) Program Studi Pendidikan Bahasa Arab (PBA), 2) Program Studi Manajemen Pendidikan Islam (MPI), 3) Program Studi Pendidikan Agama Islam (PAI), dan 4) Program Studi Ekonomi Syariah (ES).
C80: Universitas: mengusulkan paling sedikit 10 (sepuluh) program studi pada program sarjana yang mewakili 6 (enam) program studi dari rumpun ilmu alam, rumpun ilmu formal, dan/atau rumpun ilmu terapan yang meliputi pertanian, arsitektur dan perencanaan, teknik, kehutanan dan lingkungan, kesehatan, dan transportasi, serta 4 (empat) program studi dari rumpun ilmu agama, rumpun ilmu humaniora, rumpun ilmu sosial, dan/atau rumpun ilmu terapan yang meliputi bisnis, pendidikan, keluarga dan konsumen, olahraga, jurnalistik, media massa dan komunikasi, hukum, perpustakaan dan permuseuman, militer, administrasi publik, dan pekerja sosial.
C81: Catatan: NPS = Jumlah program studi yang terakreditasi atau program studi baru yang terakreditasi minimum. | E81: =E70 -> 4
D82: NPS_A = Jumlah program studi dari rumpun ilmu alam, rumpun ilmu formal, dst. | E82: 0 | F82: =IF(E82+E83<>0,IF(E82+E83<>E81,"Salah isi",""),"")
D83: NPS_B = Jumlah program studi dari rumpun ilmu agama, rumpun ilmu humaniora, dst. | E83: 4 | F83: =IF(E83+E82<>0,IF(E83+E82<>E81,"Salah isi",""),"")
C84: =IF(E84=4,"SYARAT MUTLAK TERPENUHI","SYARAT MUTLAK TIDAK TERPENUHI") -> SYARAT MUTLAK TERPENUHI | E84: =IF(AND(E82=0,E83=0),0,IF(AND((E82+E83)=E70,E62=1),IF(AND(E82>=6,E83>=4),4,0),4)) -> 4
A86: Jika hasil penilaian akreditasi program studi baru belum ada, maka NS1 dan ND masing-masing diisi dengan angka 0
A87: 11 | B87: 2.4.1.3 | C87: Rasio Program Diploma terhadap Program Sarjana pada Universitas, Institut dan Sekolah Tinggi. | G87: Terdapat NPS_B = Jumlah program studi dari rumpun ilmu agama: 4 PS, yakni: 1) Program Studi Pendidikan Bahasa Arab (PBA), 2) Program Studi Manajemen Pendidikan Islam (MPI), 3) Program Studi Pendidikan Agama Islam (PAI), dan 4) Program Studi Ekonomi Syariah (ES).
C88: Universitas, Institut dan Sekolah Tinggi: mengusulkan sejumlah program studi dengan rasio jumlah program diploma terhadap program sarjana maksimum 10%.
C89: Catatan: NPS = Jumlah program studi yang terakreditasi atau program studi baru yang terakreditasi minimum. | E89: =E70 -> 4
D90: NS1 = Jumlah program studi sarjana yang terakreditasi atau terakreditasi minimum. | E90: 4 | F90: =IF(E90+E91<>0,IF(E90+E91<>E89,"Salah isi",""),"")
D91: ND = Jumlah program studi diploma yang terakreditasi atau terakreditasi minimum. | E91: 0 | F91: =IF(E91+E90<>0,IF(E91+E90<>E89,"Salah isi",""),"")
C92: =IF(E92=4,"SYARAT MUTLAK TERPENUHI","SYARAT MUTLAK TIDAK TERPENUHI") -> SYARAT MUTLAK TERPENUHI | E92: =IF(E62>3,4,IF(AND(E90=0,E91=0),0,IF(E91/E90<=10%,4,0))) -> 4
A94: 12 | B94: 2.4.2 | C94: Akreditasi Program Studi | G94: Terdapat NM = NPS_ijinbaru = Jumlah program studi baru yang terakreditasi minimum (berdasarkan hasil penilaian akreditasi program studi baru): 4 PS, yakni 1) Program Studi Pendidikan Bahasa Arab (PBA), 2) Program Studi Manajemen Pendidikan Islam (MPI), 3) Program Studi Pendidikan Agama Islam (PAI), dan 4) Program Studi Ekonomi Syariah (ES).
C95: Catatan: NPS_terakreditasi = Jumlah program studi yang terakreditasi | E95: =E66 -> 0
D96: NA = Jumlah program studi terakreditasi A | E96: 0 | F96: =IF(SUM(E$96:E$98)<>E$95,"Salah isi","")
D97: NB = Jumlah program studi terakreditasi B | E97: 0 | F97: =IF(SUM(E$96:E$98)<>E$95,"Salah isi","")
D98: NC = Jumlah program studi terakreditasi C | E98: 0 | F98: =IF(SUM(E$96:E$98)<>E$95,"Salah isi","")
D99: NM = NPS_ijinbaru = Jumlah program studi baru yang terakreditasi minimum (berdasarkan hasil penilaian akreditasi program studi baru) | E99: 4
D100: NPS = NA + NB + NC + NM | E100: =SUM(E96:E99) -> 4
E101: =IF(E100=0,0,(4*E96+3*E97+2*E98+2*E99)/E100) -> 2
A103: 13 | B103: 2.5 | C103: Perguruan Tinggi memiliki rancangan dokumen penjaminan mutu yang terdiri dari: (1) rancangan dokumen kebijakan mutu, (2) rancangan dokumen manual mutu, (3) rancangan dokumen standar, dan (4) rancangan dokumen formulir, yang isinya mencakup keberadaan 6 elemen sistem penjaminan mutu sebagai berikut: (1) kebijakan dan standar, (2) organisasi, (3) instrumen (manual mutu, manual prosedur, instruksi kerja), (4) implementasi, (5) monitoring dan evaluasi, dan (6) pelaporan dan tindak lanjut. | E103: 3 | F103: =IF(E103>4,"Salah isi","") | G103: IAI GHIBTA sudah memiliki rancangan Sistem Monitoring dan Evaluasi (Monev) Berbasis unggul dalam menyatukan serta memadukan keimanan, Qur’an dan adab serta keilmuan. Sistem Monev ini dirancang dalam kerangka Sistem Penjaminan Mutu Internal (SPMI) Institut Agama Islam Guru Kapuh Ibnu Atha’illah (IAI GIBTHA) dengan siklus Penetapan, Pelaksanaan, Evaluasi (Monev), Pengendalian, dan Peningkatan (PPEPP) yang dilaksanakan secara konsisten oleh PPM. MASIH PERLU DIBUAT RNCANGAN DOKUMEN KEBIJAKAN MUTU,MANUAL MUTU, STANDAR MUTU, SOP, FORMULIR MUTU, dan IMPLEMENTASI PPEPP .
C104: 4 | D104: Rancangan dokumen memenuhi keenam elemen sistem.
C105: 3 | D105: Rancangan dokumen memenuhi 4 s.d. 5 elemen sistem.
C106: 2 | D106: Rancangan dokumen memenuhi 3 elemen sistem.
C107: 1 | D107: Rancangan dokumen memenuhi 1 s.d. 2 elemen sistem.
C108: 0 | D108: Perguruan tinggi tidak memiliki rancangan dokumen penjaminan mutu.
C109: Skor | E109: =IF(E103>4,"Salah Isi",E103) -> 3
A111: 14 | B111: 2.6 | C111: Perguruan tinggi memiliki rancangan kebijakan dan pedoman kerjasama yang menjamin tercapainya aspek: (1) mutu, (2) relevansi, (3) produktifitas, dan (4) kepuasan para pihak. | E111: 4 | F111: =IF(E111>4,"Salah isi","") | G111: IAI GIBTHA memiliki rancangan kebijakan dan pedoman kerjasama sebagaimana tertuang dalam Surat Keputusan Rektor IAI mengenai Pedoman Kerja Sama Dalam Negeri. Pedoman ini mencakup empat tahap utama, yaitu perintisan kerja sama, pengesahan, pelaksanaan, serta monitoring dan evaluasi. Dokumen pedoman ini berfungsi memastikan mutu pelaksanaan kerja sama, kesesuaian kegiatan dengan bidang keahlian perguruan tinggi dan mitra, serta produktivitas sehingga kerja sama dapat berjalan secara berkelanjutan.
C112: 4 | D112: Perguruan tinggi memiliki kebijakan dan pedoman yang menjamin tercapainya 4 aspek.
C113: 3 | D113: Perguruan tinggi memiliki kebijakan dan pedoman yang menjamin tercapainya 3 dari 4 aspek.
C114: 2 | D114: Perguruan tinggi memiliki kebijakan dan pedoman yang menjamin tercapainya 2 dari 4 aspek.
...

Sheet F1
A1: FORMAT 1. PENILAIAN INSTRUMEN AKREDITASI INSTITUSI PERGURUAN TINGGI BARU
A3: Penilaian Perorangan
A5: Nama Badan Penyelenggara: | D5: =Menu!H6 -> Yayasan Ibnu Atha’illah
A6: Nama Asesor: | D6: Prof.Dr. Ramdani Wahyu Suurie, M.Ag.,M.Si
A7: Kode Panel | D7: =Menu!H10 -> 0
A8: Tanggal Penilaian | D8: =Menu!F20 -> 12 Mei 2026
A10: No. | B10: No. Butir | C10: Aspek Penilaian | D10: Informasi dari Instrumen | E10: Skor
A11: 1 | B11: =hitung_F1!B4 -> 1.1 | C11: =hitung_F1!C4 -> Kejelasan, kerealistikan, dan keterkaitan antar visi, misi, tujuan dan sasaran perguruan tinggi yang akan didirikan, dan pemangku kepentingan yang terlibat. | D11: =hitung_F1!G4 -> Penyusunan Visi, Misi, Tujuan, dan Sasaran Pendirian Institut Agama Islam (IAI) Guru Kapuh Ibnu Atha’illah (GHIBTA) dilakukan berdasarkan kajian terhadap tantangan serta kebutuhan yang muncul baik dari lingkungan eksternal maupun internal lembaga. Visi IAI: Menjadi Institut Agama Islam Guru Kapuh Ibnu Atha’illah Yang Unggul dalam memadukan keimanan, nilai Qur’an, adab dan keilmuan serta melahirkan generasi yang berdaya guna bagi umat dan berjiwa entrepreneur. Dalam penyusunan sudah melibatkan pihak internal dan eksternal, spt: Pondok Pesantren (Induk/Afiliasi), Pengguna Lulusan (Alumni & Dunia Kerja), Pemerintah (Kemenag, LLDIKTI, Pemda), Masyarakat/Komunitas Lokal, dan Mitra Kerja Sama (Perguruan Tinggi, NGO & Bank Syariah). Secara konseptual sudah ada kelajalasan arah visi yg diharapkan. Visi cukup realitisk karena adanya dukungan SDM dosen tendik yg memadai, ketersedian sarpras pendukung, serta tata kelola kelembagaan yg disiapkan, Konsep Visi memiliki keterkaitan arah dg mimpi atau keinginan Yayasan, yakni melahirkan generasi unggul yg berilmu pengetahuan, berakhlak al-karimah, dan mampu mengadaptasi perkembangan zaman | E11: =hitung_F1!E10 -> 3
A12: =A11+1 -> 2 | B12: =hitung_F1!B12 -> 1.2 | C12: =hitung_F1!C12 -> Perguruan tinggi yang akan didirikan menetapkan rancangan tonggak-tonggak capaian tujuan dengan rentang waktu 5 atau 10 tahun ke depan. | D12: =hitung_F1!G12 -> Rencana Induk Pengembangan (RIP) IAI Guru Kapuh Ibnu Atha’illah (GHIBTA) 2025–2047 dijelaskan arah pengembangan lembaga menuju visi tahun 2047 dengan uraian sebagai berikut: Pertama, Tahap Forming, Established Institute. tahun 2032 IAI Guru Kapuh Ibnu Atha’illah (GHIBTA) bertransformasi menjadi Institut Agama Islam (IAI) Guru Kapuh Ibnu Atha’illah (GHIBTA). Kedua, Tahap Growing tahun 2032 menuju Universitas yang unggul dalam menghasilkan Ulama, Umaro dan Cendekiawan Muslim Dunia. | E12: =hitung_F1!E16 -> 3
A13: =A12+1 -> 3 | B13: =hitung_F1!B19 -> 2.1.1 | C13: =hitung_F1!C19 -> Badan penyelenggara (yayasan, persyarikatan, perkumpulan, paguyuban, ormas) memiliki akta notaris tentang pendirian atau perubahan badan penyelenggara tersebut. Persyaratan akta notaris untuk pendirian atau perubahan bentuk perguruan tinggi: a. Salinan akta notaris telah dilegalisasi (pernyataan sesuai dengan aslinya) oleh notaris dengan ‘cap basah’; b. Akta notaris tersebut mencantumkan ‘mendirikan perguruan tinggi’ atau istilah lain yang sejenis sebagai tujuan pendirian badan penyelenggara tersebut; c. Semua akta notaris tentang perubahan badan penyelenggara (jika badan penyelenggara melakukan perubahan badan penyelenggara) yang dapat menunjukkan hubungan antar akta notaris yang runtut. | D13: =hitung_F1!G19 -> Penyelenggara Institut Agama Islam (IAI) Guru Kapuh Ibnu Atha’illah (GIBTHA) adalah Lembaga Pendidikan Yayasan Ibnu Athaillah Indonesia dengan telah terdaftar di Notaris MARIA SEPTIANI SOFIA, SH., M.KN. tercatat SK. MENKEH & HAM RI No AHU-08705.50.10.2014. TANGGAL 06 NOVEMBER 2014 | E13: =hitung_F1!E22 -> 4
A14: =A13+1 -> 4 | B14: =hitung_F1!B25 -> 2.1.2 | C14: =hitung_F1!C25 -> Badan penyelenggara telah memiliki: a. Surat keputusan pejabat berwenang (a.l.: Kemenkumham; Berita Negara) tentang pengesahan badan penyelenggara sebagai badan hukum, yang: 1) mencantumkan Nomor akta notaris pendirian badan penyelenggara yang cocok dengan Nomor akta notaris sebagaimana tercantum dalam Akta Notaris pendirian badan penyelenggara ybs.; dan 2) mencantumkan Nama badan penyelenggara yang cocok dengan Nama badan penyelenggara sebagaimana tercantum dalam akta notaris pendirian badan penyelenggara ybs; dan/atau b. Surat dari pejabat berwenang (a.l.: Kemenkumham) tentang pencatatan penyesuaian dengan peraturan perundang-undangan atau perubahan susunan pengurus badan penyelenggara. Salinan dokumen pada huruf a dan huruf b telah dilegalisasi (pernyataan sesuai dengan aslinya) oleh notaris dengan ‘cap basah’. | D14: =hitung_F1!G25 -> Badan Penyelenggara telah memiliki Surat Keputusan Pejabat Berwenang daro Kemenkumham melelui Notaris: MARIA SEPTIANI SOFIA, SH., M.KN. NOTARIS. PPAT, SK. MENKEH & HAM RI No. AHU-08705.50.10.2014. TANGGAL 06 NOVEMBER 2014 PENGESAHAN PENDIRIAN YAYASAN IBNU ATHA’ILLAH TANGGAL : 06 November 2014. Pada Pasal 3 disebutkan: Yayasan berberak pada bidang Pendidikan meliputi: Mendirikan Menyelenggarakan lembaga-lembaga pendidikan yang bersifat formal dan nonformal meliputi jenjang pendidikan pra-sekolah sampai tingkat perguruan tinggi atau pascasarjana | E14: =hitung_F1!E28 -> 4
A15: =A14+1 -> 5 | B15: =hitung_F1!B30 -> 2.2.1 | C15: =hitung_F1!C30 -> Perguruan Tinggi memiliki rancangan tata pamong yang memungkinkan terlaksananya prinsip-prinsip tata pamong secara konsisten, terutama yang terkait dengan pelaku tata pamong dan sistem pengelolaan yang baik (instrumen, perangkat pendukung, kebijakan dan peraturan, serta kode etik). | D15: =hitung_F1!G30 -> Rancangan tata pamong yang akan diberlakukan Institut Agama Islam (IAI) Guru Kapuh Ibnu Atha’illah (GIBTHA) bertujuan untuk membangun sistem pengelolaan yang kredibel, transparan, akuntabel, bertanggung jawab, dan adil, sesuai dengan prinsip-prinsip good university governance (GUG); indikator yg dapat diuraikan tentang pelaksanaan tata pemong kredibel terlihat dari: (1) Kredible, terlihat seluruh proses manajerial dan akademik harus didukung oleh basis empiris (evidence-based) dan justifikasi normatif. (2) Transparan, tercerrmin pada eterbukaan informasi publik (misalnya, laporan keuangan, kebijakan SDM, dan kriteria penerimaan) tetapi juga artikulasi yang eksplisit mengenai mekanisme pengambilan keputusan. (3) Akuntable, tercermin adanya kebijakan yang jelas dan keterbukaan terhadap proses pengambilan keputusan. (4) Bertanggung jawab: secara kelembagaan IAI memiliki alur pendistribusian kerja yg sudah memada. Pilar ini bertugas memastikan institusi tetap mematuhi hukum dan bertanggung jawab secara etis. IPT harus berjalan sesuai dengan aturan yang berlaku di negara, serta lebih dari itu, menggabungkan prinsip Tanggung Jawab Sosial Institusi (TSI) atau Corporate Social Responsibility (CSR), dan (5) Adil; tercermin adanya kesetaraan perlakuan dan objektivitas dalam interaksi antara institusi dengan seluruh civitas academica dan mitra. Ini diwujudkan melalui prosedur yang imparsial dalam pengelolaan sumber daya manusia, pengadaan barang/jasa, dan penentuan hak serta kewajiban. | E15: =hitung_F1!E36 -> 3
A16: =A15+1 -> 6 | B16: =hitung_F1!B38 -> 2.2.2 | C16: =hitung_F1!C30 -> Perguruan Tinggi memiliki rancangan tata pamong yang memungkinkan terlaksananya prinsip-prinsip tata pamong secara konsisten, terutama yang terkait dengan pelaku tata pamong dan sistem pengelolaan yang baik (instrumen, perangkat pendukung, kebijakan dan peraturan, serta kode etik). | D16: =hitung_F1!G38 -> Terdapat gambaran jelas tentang rancangan struktur organisasi IAI GIBTHA terdiri dari: 1) Rektor, 2) Wakil Rektor 123, sebagai Penyusun Kebijakan; 3) Ketua Prodi dan Sekretaris Prodi sebagai pelaksana akademik; 4) LPM (Lembaga Penjaminan Mutu): sebagai pengawas dan penjamin mutu IAI, 5) Perpustakaan sebagai Penunjang Akademik/ Sumber Belajar, 6) Biro keuangan, Biro administrasi sebagai pelaksana administrasi. Ada penjelasan secara detail tentang jobdescription untuk masing-masing unit tersebut. | E16: =hitung_F1!E44 -> 3
A17: =A16+1 -> 7 | B17: =hitung_F1!B46 -> 2.3.1 | C17: =hitung_F1!C30 -> Perguruan Tinggi memiliki rancangan tata pamong yang memungkinkan terlaksananya prinsip-prinsip tata pamong secara konsisten, terutama yang terkait dengan pelaku tata pamong dan sistem pengelolaan yang baik (instrumen, perangkat pendukung, kebijakan dan peraturan, serta kode etik). | D17: =hitung_F1!G46 -> Terdapat penjelasan secara baik dan memadai tentang IAI GHIBTA memiliki rancangan dokumen sistem pengelolaan yang mencakup (1) analisis jabatan dari setiap pengelola yg terpangpang dalam struktur organisasi, (2) uraian tugas lengkap dari setiap unsur yg ada, dan (3) prosedur kerja yg menggambarkan adanya hubungan timbal balik kerja antara satu unit dg unit lainnya, atasan bawahan. Rancangan program pengembangan kompetensi manajerial berupa: Peningkatan kompetensi manajerial dilakukan dengan mengacu kepada SK Yayasan. Program pengembangan meliputi kegiatan berikut: 1) Program Peningkatan Kompetensi manajerial Pimpinan; khusus untuk peningkatan kompetensi diberikan kepada unsur pimpinan untuk semua unit kerja di lingkungan IAI; 2) Peningkatan manajemen sumber daya manusia, 3) Peningkatan manajemen keuangan, dan 4) Peningkatan manajemen sarana prasarana. | E17: =hitung_F1!E52 -> 3
A18: =A17+1 -> 8 | B18: =hitung_F1!B54 -> 2.3.2 | C18: =hitung_F1!C54 -> Rancangan diseminasi/laporan hasil kerja perguruan tinggi secara berkala sebagai wujud akuntabilitas publik. | D18: =hitung_F1!G54 -> Rancangan desiminasi/laporan hasil kerja PT secara berkala dirancang secara baik sebagai bukti pertanggungjawaban lembaga terhadap publik, merujuk pada: Standar Nasional Pendidikan Tinggi (SN-Dikti): Diseminasi merupakan bagian dari siklus Penetapan, Pelaksanaan, Evaluasi, Pengendalian, dan Peningkatan (PPEPP) dalam Sistem Penjaminan Mutu Internal (SPMI) perguruan tinggi, dan Peraturan Badan Akreditasi Nasional Perguruan Tinggi (BAN-PT). Dokumen laporan desiminasi antara lain: 1) Menyajikan bukti otentik kepada pemangku kepentingan (internal dan eksternal) bahwa penyelenggaraan pendidikan telah memenuhi standar mutu nasional dan internasional. 2) Evaluasi Kinerja: Mengidentifikasi kekuatan dan kelemahan institusi dengan membandingkan hasil aktual terhadap target Rencana Operasional (Renop) 2026– 2031, yang diukur melalui empat kategori indikator: Masukan, Proses, Keluaran, dan Danpak. 3) Berbasis IKU dan 9 Program Strategis sebagai landasan untuk perumusan kebijakan dan perbaikan mutu berkelanjutan. | E18: =hitung_F1!E60 -> 3
A19: =A18+1 -> 9 | B19: =hitung_F1!B65 -> 2.4.1.1 | C19: =hitung_F1!C65 -> Jumlah program studi pada perguruan tinggi baru. | D19: =hitung_F1!G65 -> Terdapat 4 PS yang diusulkan untuk menyertai usulan IAI GHIBTA Kalsel. yakni: 1) Program Studi Pendidikan Bahasa Arab (PBA), 2) Program Studi Manajemen Pendidikan Islam (MPI), 3) Program Studi Pendidikan Agama Islam (PAI), dan 4) Program Studi Ekonomi Syariah (ES). | E19: =hitung_F1!E76 -> 4
A20: =A19+1 -> 10 | B20: =hitung_F1!B79 -> 2.4.1.2 | C20: =hitung_F1!C79 -> Jumlah usulan program studi berdasarkan kelompok ilmu. | D20: =hitung_F1!G79 -> Terdapat NPS_B = Jumlah program studi dari rumpun ilmu agama: 4 PS, yakni:1) Program Studi Pendidikan Bahasa Arab (PBA), 2) Program Studi Manajemen Pendidikan Islam (MPI), 3) Program Studi Pendidikan Agama Islam (PAI), dan 4) Program Studi Ekonomi Syariah (ES). | E20: =hitung_F1!E84 -> 4
A21: =A20+1 -> 11 | B21: =hitung_F1!B87 -> 2.4.1.3 | C21: =hitung_F1!C87 -> Rasio Program Diploma terhadap Program Sarjana pada Universitas, Institut dan Sekolah Tinggi. | D21: =hitung_F1!G87 -> Terdapat NPS_B = Jumlah program studi dari rumpun ilmu agama: 4 PS, yakni: 1) Program Studi Pendidikan Bahasa Arab (PBA), 2) Program Studi Manajemen Pendidikan Islam (MPI), 3) Program Studi Pendidikan Agama Islam (PAI), dan 4) Program Studi Ekonomi Syariah (ES). | E21: =hitung_F1!E92 -> 4
A22: =A21+1 -> 12 | B22: =hitung_F1!B94 -> 2.4.2 | C22: =hitung_F1!C94 -> Akreditasi Program Studi | D22: =hitung_F1!G94 -> Terdapat NM = NPS_ijinbaru = Jumlah program studi baru yang terakreditasi minimum (berdasarkan hasil penilaian akreditasi program studi baru): 4 PS, yakni 1) Program Studi Pendidikan Bahasa Arab (PBA), 2) Program Studi Manajemen Pendidikan Islam (MPI), 3) Program Studi Pendidikan Agama Islam (PAI), dan 4) Program Studi Ekonomi Syariah (ES). | E22: =hitung_F1!E101 -> 2
A23: =A22+1 -> 13 | B23: =hitung_F1!B103 -> 2.5 | C23: =hitung_F1!C103 -> Perguruan Tinggi memiliki rancangan dokumen penjaminan mutu yang terdiri dari: (1) rancangan dokumen kebijakan mutu, (2) rancangan dokumen manual mutu, (3) rancangan dokumen standar, dan (4) rancangan dokumen formulir, yang isinya mencakup keberadaan 6 elemen sistem penjaminan mutu sebagai berikut: (1) kebijakan dan standar, (2) organisasi, (3) instrumen (manual mutu, manual prosedur, instruksi kerja), (4) implementasi, (5) monitoring dan evaluasi, dan (6) pelaporan dan tindak lanjut. | D23: =hitung_F1!G103 -> IAI GHIBTA sudah memiliki rancangan Sistem Monitoring dan Evaluasi (Monev) Berbasis unggul dalam menyatukan serta memadukan keimanan, Qur’an dan adab serta keilmuan. Sistem Monev ini dirancang dalam kerangka Sistem Penjaminan Mutu Internal (SPMI) Institut Agama Islam Guru Kapuh Ibnu Atha’illah (IAI GIBTHA) dengan siklus Penetapan, Pelaksanaan, Evaluasi (Monev), Pengendalian, dan Peningkatan (PPEPP) yang dilaksanakan secara konsisten oleh PPM. MASIH PERLU DIBUAT RNCANGAN DOKUMEN KEBIJAKAN MUTU,MANUAL MUTU, STANDAR MUTU, SOP, FORMULIR MUTU, dan IMPLEMENTASI PPEPP . | E23: =hitung_F1!E109 -> 3
A24: =A23+1 -> 14 | B24: =hitung_F1!B111 -> 2.6 | C24: =hitung_F1!C111 -> Perguruan tinggi memiliki rancangan kebijakan dan pedoman kerjasama yang menjamin tercapainya aspek: (1) mutu, (2) relevansi, (3) produktifitas, dan (4) kepuasan para pihak. | D24: =hitung_F1!G111 -> IAI GIBTHA memiliki rancangan kebijakan dan pedoman kerjasama sebagaimana tertuang dalam Surat Keputusan Rektor IAI mengenai Pedoman Kerja Sama Dalam Negeri. Pedoman ini mencakup empat tahap utama, yaitu perintisan kerja sama, pengesahan, pelaksanaan, serta monitoring dan evaluasi. Dokumen pedoman ini berfungsi memastikan mutu pelaksanaan kerja sama, kesesuaian kegiatan dengan bidang keahlian perguruan tinggi dan mitra, serta produktivitas sehingga kerja sama dapat berjalan secara berkelanjutan. | E24: =hitung_F1!E117 -> 4
A25: =A24+1 -> 15 | B25: =hitung_F1!B119 -> 3.1 | C25: =hitung_F1!C119 -> Perguruan tinggi memiliki pedoman seleksi dan rekrutmen mahasiswa baru yang meliputi unsur : (1) kebijakan, (2) kriteria, (3) prosedur, dan (4) mekanisme pengambilan keputusan. | D25: =hitung_F1!G119 -> IAI GIBTHA memiliki kebijakan tentang penerimaan mahasiwa baru yg tertuang dalam Keputusan Ketua IAI Guru Kapuh Ibnu Atha’illah (GIBTHA) tentang SOP Akademik, di dalamnya berisi tentang: (1) kebijakan, ada aturan nasional dan Statuta dan Pedoman Akademik; (2) kriteria, Kriteria seleksi mahasiswa baru, dari kriteria umum, akademik, dan non-akademik. (3) prosedur, mulai dari pendaftaran, tes, dan penetapan lulusan dijelaskan secara detail; dan (4) mekanisme pengambilan keputusan, dijelaskan secara detail. Seleksi mahasiswa dilakukan secara internal, rekrutmen calon mahasiswa IAI Guru Kapuh Ibnu Atha’illah (GIBTHA) juga dibuka bagi masyarakat umum. (Cek kembali bukti formal dokumen yg dimiliki) | E25: =hitung_F1!E109 -> 3
A26: =A25+1 -> 16 | B26: =hitung_F1!B127 -> 3.2 | C26: =hitung_F1!C127 -> Perguruan tinggi memiliki kebijakan penerimaan mahasiswa baru yang memberikan peluang kepada calon mahasiswa yang memiliki potensi akademik baik namun kurang mampu secara ekonomi dan/atau cacat fisik yang ditunjang oleh rencana penyediaan fasilitas penunjang. | D26: =hitung_F1!G127 -> IAI GIBTHA memiliki rancangan aturan tentang aturan pemberian firmasi yg diberikan pada calon mahasiswa baru. Dalam upaya mewujudkan keadilan dan pemerataan akses pendidikan tinggi, IAI berkomitmen untuk memberikan kesempatan belajar yang seluas-luasnya bagi seluruh lapisan masyarakat, baik dari kalangan mampu maupun kurang mampu. Untuk menopang kebijakan afirmasi mahasiswa, IAI GIBTHA menyiapkan skema beasiswa KIP Kuliah, IAI juga menyediakan bantuan beasiswa bagi mahasiswa berprestasi maupun mahasiswa dari keluarga kurang mampu melalui kerja sama dengan lembaga sosial milik Yayasan Ibnu Atha’illah. | E26: =hitung_F1!E133 -> 4
A27: =A26+1 -> 17 | B27: =hitung_F1!B135 -> 4.1 | C27: =hitung_F1!C135 -> Rancangan sistem pengelolaan sumber daya manusia dilaksanakan berdasarkan prinsip meritokrasi yang mencakup aspek: (1) perencanaan, (2) rekrutmen dan seleksi, (3) orientasi dan penempatan pegawai, (4) pengembangan karir dan retensi, (5) remunerasi, penghargaan dan sanksi, dan (6) pensiun dan pemutusan kerja. | D27: =hitung_F1!G135 -> IAI GIBTHA memiliki rancangan tentang sistem pengelolaan sumber daya manusia dilaksanakan berdasarkan prinsip berdasarkan pada Surat Keputusan Ketua Yayasan Ibnu Atha’illah; Surat Keputusan Ketua Institut Agama Islam Guru Kapuh Ibnu Atha’illah (IAI GIBTHA); dan Surat Keputusan Ketua mengenai pedoman pengelolaan SDM Institut Agama Islam Guru Kapuh Ibnu Atha’illah (IAI GIBTHA);. Sistem seleksi/rekrutment, penempatan, pengembangan, retensi, dan pemberhentian dosen dan tenaga kependidikan tercantum pada buku Rancangan Statuta tentang system pengelolaan sumber daya manusia, dan telah dilaksanakan secara konsisten. | E27: =hitung_F1!E141 -> 3
A28: =A27+1 -> 18 | B28: =hitung_F1!B144 -> 4.2.1 | C28: =hitung_F1!C144 -> Jumlah calon dosen tetap minimal | D28: =hitung_F1!G144 -> Terdapat NDTPS_ijinbaru = Jumlah dosen tetap pada program studi baru yang terakreditasi minimum: ada 25 orang yg disiapkan untuk 5 prodi yg diuusulkan, yakni: (1) PS Pendidikan Bahasa Arab (PBA) an. Nurul Amini, M.Pd (S2 Pendidikan Bahasa Arab UII DALWA), Nafisah, M.Pd (S2 Pendidikan Bahasa Arab UII DALWA), Fathia Qonita, M.Pd (S2 Pendidikan Bahasa Arab UII DALWA), Nurul Jannah, M.Pd (S2 Pendidikan Bahasa Arab UII DALWA), Fahrunnisa, M.Pd (S2 Pendidikan Bahasa Arab UII DALWA) . (2) PS Manajemen Pendidikan Islam an. Dr. Afifafh (S2 Manajemen Pendidikan Islam), Nurwahda Maghfiroh (S2 Manajemen Pendidikan), Sufi Hadi (S2 Manajemen Pendidikan Islam), Tasiah (S2 Manajemen Pendidikan Islam), Nurul Amini (S2.....), Nurul Jannah (S2 ......), Fachri Zulmi (S2 Ekonomi Syariah). 3) PS Ekonomi Syariah (ES), an. Dr. Ir. Syahrial Shaddiq, S.T., M.Eng., M.M., M.Si (S3 Ilmu Ekonomi UII), Dr. Fathurrahman, S. Ag, M. H (S3 Doktoral Ilmu Syariah UIN Antasari), Fachri Zulmi, S. E. I, M. H (S2 Ekonomi Sriah UIN Antasari), Sri Rozana Widya Astuty, S. E, M. E (S2 lmu Ekonomi UNLAM), Halidah. S. E, M. Pd (S2 Manajemen Pendidikan UII Dalwa). 4) PS Pendidikan Agama Islam (PAI), an. DR. Ahmad Suryadi, M. Pd. (S3 Dirasah Islamiyah Konsentras i Pendidikan dan Keguruan UIN Alauddin Makassar), Miftahul Ihsan, M. Pd. (S2 UIN Sunan Kalijaga Yogyakarta), Raudatul Jannah, M. Pd (S2 PAI UIN Antasari), Muhammad Hamdani, M. Pd (S2 PAI UIN Malang), Muhammad Ikhsan, S.Pd, M. Pd (S2 PAI UIN Antasari Banjarmasin). Semua dosen yg diusulkan berstatus sebagai Dosen Tetap dan memiliki linearitas keilmuan dg program studi yg diusulkan. | E28: =hitung_F1!E150 -> 4
A29: =A28+1 -> 19 | B29: =hitung_F1!B152 -> 4.2.2 | C29: =hitung_F1!C152 -> Jumlah calon dosen tetap | D29: =hitung_F1!G152 -> Terdapat sejumlah calon dosen tetap: 24 orang, sudah memadai dihitung dari rasio 4 PS; dilihat kualifikasi penidididikan, semua sudah S2 (Magister) dengan backgroun keilmuan yang relevan dg prodi yg diusulkan. | E29: =hitung_F1!E153 -> 4
A30: =A29+1 -> 20 | B30: =hitung_F1!B156 -> 4.2.3 | C30: =hitung_F1!C156 -> Profil dosen yang diukur berdasarkan kualifikasi akademik dan kesesuaian bidang keahlian dengan kompetensi program studi. | D30: =hitung_F1!G156 -> Dari 24 Calon DTPS yang diusulkan, ada 4 orang dosen yang berkualifikasi pendidikan Doktor (S3). | E30: =hitung_F1!E162 -> 4
A31: =A30+1 -> 21 | B31: =hitung_F1!B164 -> 4.3 | C31: =hitung_F1!C164 -> Perencanaan pengembangan SDM dosen | D31: =hitung_F1!G164 -> Ada keterangan IAI GIBTHA memiliki perencanaan pengembangan SDM Dosen meliputi: (1) Pengembangan dan Pembinaan Karir; Dalam pengembangan sumber daya manusia (dosen) mengacu pada tri dharma perguruan tinggi yaitu: Untuk studi lanjut S3 semua pengajar diberi kesempatan baik dengan biaya dari internal IAI maupun dari luar IAI sesuai dengan peraturan yang berlaku. Dalam 10 Tahun akan memberikan kesempatan pada dosen untuk kuliah S3 tiap Tahun 3-5 Dosen, sehingga dalam 10 di targetkan 60% Dosen sudah Kuliah S3. (2) Pengembangan kompetensi khusus; meliputi pembinaan intern dan ekstern melalui pimpinan prodi antara lain secara selektif dengan mempercayakan kepada dosen untuk mengkoordinir berbagai kegiatan ekstra prodi. | E31: =hitung_F1!E170 -> 3
A32: =A31+1 -> 22 | B32: =hitung_F1!B172 -> 4.4.1 | C32: =hitung_F1!C172 -> Jumlah tenaga kependidikan minimal | D32: =hitung_F1!G172 -> Terdapat NTK = Jumlah tenaga kependidikan IAI GIBTHA ada 5 orang untuk melayani 4 PS, keberadaan tendik masih minim; pemenuhan tendik mestinya disesuaikan dg kebutuhan sebagai: Pustakawaan, Laboran, Oprartor, dan Teknisi | E32: =hitung_F1!E176 -> 4
A33: =A32+1 -> 23 | B33: =hitung_F1!B178 -> 4.4.2 | C33: =hitung_F1!C178 -> Tenaga Administrasi | D33: =hitung_F1!G178 -> Terdapat A = Jumlah tenaga administrasi berkualifikasi minimum S-1: 5, semua lulusan S1 (sarjana); untuk melayani 4 PS | E33: =hitung_F1!E182 -> 4
A34: =A33+1 -> 24 | B34: =hitung_F1!B184 -> 4.4.3 | C34: =hitung_F1!C184 -> Tenaga Laboran/ Teknisi | D34: =hitung_F1!G184 -> Terdapat L = Jumlah tenaga laboran/ teknisi berkualifikasi S1/SMA: 3 orang untuk 4 PS yang diusulkan | E34: =hitung_F1!E188 -> 1.1111111
A35: =A34+1 -> 25 | B35: =hitung_F1!B190 -> 4.4.4 | C35: =hitung_F1!C190 -> Tenaga Perpustakaan | D35: =hitung_F1!G190 -> Terdapat A = Jumlah tenaga perpustakaan berkualifikasi minimum S-2: 0 orang tenaga perpustakaan. KURANG TERDESKRIPSIKAN | E35: =hitung_F1!E194 -> 2.8
A36: =A35+1 -> 26 | B36: =hitung_F1!B196 -> 5.1 | C36: =hitung_F1!C196 -> Perguruan tinggi memiliki kebijakan dan pedoman akademik yang terkait dengan standar pendidikan, yang mencakup elemen: (1) kompetensi lulusan, (2) isi pembelajaran, (3) proses pembelajaran, (4) penilaian pembelajaran, (5) dosen dan tenaga kependidikan, (6) sarana dan prasarana pembelajaran, (7) pengelolaan pembelajaran, dan (8) pembiayaan pembelajaran. | D36: =hitung_F1!G196 -> Sudah ada penjelasan normatif tentang penjelasan tentang rancangan Kebijakan dan pedoman akademik IAI GIBTHA mencakup semua elemen standar pendidikan yang dirumuskan secara lengkap dengan substansi baik, seperti: (1) kompetensi lulusan, (2) isi pembelajaran, (3) proses pembelajaran, (4) penilaian pembelajaran, (5) dosen dan tenaga kependidikan, (6) sarana dan prasarana pembelajaran, (7) pengelolaan pembelajaran, dan (8) pembiayaan pembelajaran. Penjelasannya masih normatif, karena memang belum dilaksanakan. (cek kembali saat visitasi) | E36: =hitung_F1!E202 -> 2.5
A37: =A36+1 -> 27 | B37: =hitung_F1!B204 -> 5.2 | C37: =hitung_F1!C204 -> Perguruan tinggi memiliki kebijakan, pedoman dan unit kerja yang memfasilitasi/ mengkoordinasi kegiatan perencanaan, pengembangan, dan pemutakhiran kurikulum secara berkala dan berkesinambungan, beserta rencana mekanisme monitoring dan evaluasinya. | D37: =hitung_F1!G204 -> Kebijakan IAI GIBTHA dalam pengembangan kurikulum didasarkan pada STATUTA dan Panduan Akademik IAI berdasarkan SK Nomor :............... harus mendukung terhadap pengembangan Kurikulum tingkat perguruan tinggi. Didalamnya ada penjelasan tentang rancangan: (1) kebijakan, (2) pedoman pengembangan kurikulum, dan (3) unit kerja/ fungsi organisasi yang memfasilitasi program studi untuk melakukan kegiatan pengembangan kurikulum. | E37: =hitung_F1!E210 -> 2.5
A38: =A37+1 -> 28 | B38: =hitung_F1!B212 -> 5.3 | C38: =hitung_F1!C212 -> Perguruan tinggi memiliki peraturan yang mengatur tentang suasana akademik, yang mencakup unsur: (1) kebebasan akademik, (2) kebebasan mimbar akademik, dan (3) otonomi keilmuan. | D38: =hitung_F1!G212 -> IAI GIBTHAmelaksanakan kebebasan akademik, kebebasan mimbar akademik, dan otonomi keilmuan melalui pengaturan atas jaminan pengakuan, penghormatan, dan pemenuhan hal itu secara eksplisit tertuang dalam SK ......... di dalamnya memuat Kebijakan Akademik STAI, Peraturan Akademik bidang Pendidikan, Penelitian, dan Pengabdian kepada Masyarakat, Standar Akademik, dan Renstra, didalamnya mengatur ketiga unsur suasana akademik yang dinyatakan secara jelas yang mencakup unsur: (1) kebebasan akademik, (2) kebebasan mimbar akademik, dan (3) otonomi keilmuan. Walaupun penjelasannya normatif. Masing-masing dijelaskan cukup memadai, dengan data cukup. | E38: =hitung_F1!E218 -> 2.5
A39: =A38+1 -> 29 | B39: =hitung_F1!B220 -> 6.1 | C39: =hitung_F1!C220 -> Perguruan tinggi memiliki kebijakan yang berkaitan dengan standar penelitian, yang mencakup: (1) hasil penelitian; (2) isi penelitian; (3) proses penelitian; (4) penilaian penelitian; (5) peneliti; (6) sarana dan prasarana penelitian; (7) pengelolaan penelitian; dan (8) pendanaan dan pembiayaan penelitian. | D39: =hitung_F1!G220 -> Ada penjelasan normatif IAI GIBTHA memiliki rancangan kebijakan penelitian berupa berdasarkan Buku Panduan Penelitian IAI yang dikuatkan dengan SK Ketua tentang penelitian yang mencakup semua elemen standar penelitian yang dirumuskan secara lengkap dengan substansi baik. Lembaga sudah memeiliki konsep aturanmeliputi: Rencana Induk Penelitian (RIP) dan Rencana Strategis (Renstra) Pengabdian Kepada Masyarakat, Pedoman Pelaksanaan Penelitian Dan Pengabdian Kepada Masyarakat, Penetapan Roadmap Penelitian dan Pengabdian, dan Pembentukan Kelompok Riset (cek kembali saat visitasi) | E39: =hitung_F1!E226 -> 2
A40: =A39+1 -> 30 | B40: =hitung_F1!B228 -> 7.1 | C40: =hitung_F1!C228 -> Perguruan tinggi memiliki kebijakan PkM yang berkaitan dengan standar pengabdian kepada masyarakat, yang mencakup: (1) hasil PkM; (2) isi PkM; (3) proses PkM; (4) penilaian PkM; (5) pelaksana PkM; (6) sarana dan prasarana PkM; (7) pengelolaan PkM; dan (8) pendanaan dan pembiayaan PkM. | D40: =hitung_F1!G228 -> IAI GIBTHA yang diusulkan yang memiliki rancangan kebijakan PkM berupa buku panduan pengabdian SK .......... tentang PkM yang mencakup semua elemen standar PkM yang dirumuskan secara cukup baik. Lembaga sudah memeiliki konsep aturanmeliputi: Rencana Induk Penelitian (RIP) dan Rencana Strategis (Renstra) Pengabdian Kepada Masyarakat, Pedoman Pelaksanaan Penelitian Dan Pengabdian Kepada Masyarakat, Penetapan Roadmap Penelitian dan Pengabdian, dan Pembentukan Kelompok Riset. | E40: =hitung_F1!E234 -> 2
A41: =A40+1 -> 31 | B41: =hitung_F1!B237 -> 8.1.1 | C41: =hitung_F1!C237 -> Luas lahan kampus minimal | D41: =hitung_F1!G237 -> Lahan kampus yg dimimilki IAI GIBTHA = 22142 m2, beralamat: Desa Wasah Tengah, RT 004 RW 002, Kecamatan Simpur, Kabupaten Hulu Sungai Selatan, Provinsi Kalimantan Selatan, status MILIK SENDIRI dan BELUM BERSERTIFIKAT | E41: =hitung_F1!E241 -> 4
A42: =A41+1 -> 32 | B42: =hitung_F1!B244 -> 8.1.2 | C42: =hitung_F1!C244 -> Luas lahan kampus | D42: =hitung_F1!G244 -> Lahan kampus yg dimiliki sudah sangat memadai, Berlokasi beralamat: DDesa Wasah Tengah, RT 004 RW 002, Kecamatan Simpur, Kabupaten Hulu Sungai Selatan, Provinsi Kalimantan Selatan | E42: =hitung_F1!E245 -> 3.1785
A43: =A42+1 -> 33 | B43: =hitung_F1!B248 -> 8.1.3 | C43: =hitung_F1!C248 -> Status Kepemilikan Lahan | D43: =hitung_F1!G248 -> Status tanah MILIK SENDIRI (klarifikasi saat AL) | E43: =hitung_F1!E252 -> 4
A44: =A43+1 -> 34 | B44: =hitung_F1!B254 -> 8.2.1 | C44: =hitung_F1!C254 -> Luas ruang kuliah | D44: =hitung_F1!G254 -> Luas ruang kuliah 224 m2, minimal 600 m2 (perlu korfirmas) | E44: =hitung_F1!E258 -> 4
A45: =A44+1 -> 35 | B45: =hitung_F1!B260 -> 8.2.2 | C45: =hitung_F1!C260 -> Luas ruang kerja dosen tetap | D45: =hitung_F1!G260 -> Ruang dosen luas 56 m2, minmal 180 m2 (perlu konfirmasi) | E45: =hitung_F1!E264 -> 4
A46: =A45+1 -> 36 | B46: =hitung_F1!B266 -> 8.2.3 | C46: =hitung_F1!C266 -> Luas ruang administrasi dan kantor. | D46: =hitung_F1!G266 -> Tersedia luas ruang administrasi dengan luas: 56 m2, minimal 60 m2 (perlu konfirmasi) | E46: =hitung_F1!E270 -> 4
A47: =A46+1 -> 37 | B47: =hitung_F1!B272 -> 8.2.4 | C47: =hitung_F1!C272 -> Luas ruang perpustakaan. | D47: =hitung_F1!G272 -> Ruang perpustakaan luas 450 m2 (perlu konfirmasi) | E47: =hitung_F1!E276 -> 4
A48: =A47+1 -> 38 | B48: =hitung_F1!B278 -> 8.2.5 | C48: =hitung_F1!C278 -> Ruang praktikum. | D48: =hitung_F1!G278 -> Disebutkan ada 5 ruang Laboratorium untuk persiapan 4 PS, yakni Laboratorium Micro Teaching, Laboratorium Bahasa, Laboratorium Komputer, Laboratorium Mini Perbankan, Laboratorium Sidang Semu, dan Laboratoriumibadah; semua memiliki luas 56 m2, dalam kondisi terawat baik. | E48: =hitung_F1!E282 -> 4
A49: =A48+1 -> 39 | B49: =hitung_F1!B284 -> 8.3.1 | C49: =hitung_F1!C284 -> Koleksi buku minimal. | D49: =hitung_F1!G284 -> Untuk 4 PS yakni: PBA, Manajemen Pendidikan Islam, Ekonomi Syariah dan PAI memiliki koleksi buku 1750 judul | E49: =hitung_F1!E288 -> 4
A50: =A49+1 -> 40 | B50: =hitung_F1!B290 -> 8.3.2 | C50: =hitung_F1!C290 -> Koleksi buku. | D50: =hitung_F1!G290 -> IAI GIBTHA memiliki 1750 judul buku untuk 4 PS yang diusulkan. | E50: =hitung_F1!E295 -> 1
A51: =A50+1 -> 41 | B51: =hitung_F1!B297 -> 8.3.3 | C51: =hitung_F1!C297 -> Koleksi atau Akses Jurnal (Terakreditasi) Minimal. | D51: =hitung_F1!G297 -> Ada penjelasan jurnal ilmiah untuk 4 PS yang diusulkan sebanyak 20 judul | E51: =hitung_F1!E301 -> 4
A52: =A51+1 -> 42 | B52: =hitung_F1!B303 -> 8.3.4 | C52: =hitung_F1!C303 -> Koleksi atau Akses Jurnal (Terakreditasi) | D52: =hitung_F1!G303 -> Koleksi atau akses jurnal (terakreditasi) ada 4 jurnal. CEK KEMBALI | E52: =hitung_F1!E308 -> 2
A53: =A52+1 -> 43 | B53: =hitung_F1!B310 -> 8.3.5 | C53: =hitung_F1!C310 -> Perguruan tinggi memiliki ketersediaan sarana yang digunakan untuk penyelenggaraan pembelajaran dan kegiatan penunjang lainnya. (Catatan: jika sarana milik sendiri, maka untuk butir ini dapat diberikan skor yang lebih tinggi) | D53: =hitung_F1!G310 -> Tersedia Sarana dan prasarana cukup untuk IAI GIBTHA, dengan kuantitas dan kualitas yang baik untuk penyelenggaraan kegiatan pembelajaran dan kegiatan penunjang pembelajaran. Anatara lain: Ruang Perkuliahan, Ruang Lab. Komputer, Ruang PK, Bahasa, Sarana Olahraga, Ruang ketua, Ruang Tata Usaha, Ruang Perpustakaan, Tempat Ibadah, Tempat Parkir, dan dan taman. | E53: =hitung_F1!E316 -> 3
A54: =A53+1 -> 44 | B54: =hitung_F1!B318 -> 8.4.1 | C54: =hitung_F1!C318 -> Perguruan tinggi memiliki rancangan sistem pengelolaan sarana dan prasarana, yang meliputi aspek: (1) pencatatan, (2) penggunaan (termasuk petunjuk keselamatan dan keamanan pemakaian), (3) pemeliharaan, dan (4) penghapusan. | D54: =hitung_F1!G318 -> Masih kurang ada penjelasan secara lengkap tentang rancangan ssistem pengelolaan | E54: =hitung_F1!E324 -> 2
A55: =A54+1 -> 45 | B55: =hitung_F1!B326 -> 8.4.2 | C55: =hitung_F1!C326 -> Rencana induk pengembangan lahan dan prasarana pembelajaran (gedung pendidikan, penunjang dan fasilitas umum) | D55: =hitung_F1!G326 -> IAI GIBTHA memilki konsep rencana induk pengembangan lahan dan prasarana pembelajaran, Dasar Kebijakan dalam pengembangan sarana dan prasarana di lingkungan IAI didasarkan pada: SK ........, didalamnya berisi aturan tentang Sistem Informasi, Sarpras, Aspek Pengelolaan Sarpras, Kebutuhan Hardware, Kebutuhan Software, E-procurement, dan SIM Sarpras. Hal ini dilakukan adalah dalam upaya mendukung tercapainya visi dan misi lembaga. | E55: =hitung_F1!E332 -> 2
A56: =A55+1 -> 46 | B56: =hitung_F1!B334 -> 8.4.3 | C56: =hitung_F1!C334 -> Rencana induk pengembangan sarana pembelajaran (peralatan laboratorium/studio/bengkel, mebeler, komputer, termasuk koleksi pustaka). | D56: =hitung_F1!G334 -> IAI GIBTHA memilki konsep rencana induk pengembangan sarana pembelajaran berdasarkan pada: SK ......, didalamnya berisi aturan tentang Sistem Informasi, Sarpras, Aspek Pengelolaan Sarpras, Kebutuhan Hardware, Kebutuhan Software, E-procurement, dan SIM Sarpras. Hal ini dilakukan adalah dalam upaya mendukung tercapainya visi dan misi lembaga. | E56: =hitung_F1!E340 -> 2
A57: =A56+1 -> 47 | B57: =hitung_F1!B343 -> 9.1.1 | C57: =hitung_F1!C343 -> Kepemilikan dana badan penyelenggara. | D57: =hitung_F1!G343 -> Yayasan Ibnu Atha’illah merupakan organisasi yang mendukung santri Ibnu Atha’illah, yang terbagi dalam lima departemen, yaitu 1) Departemen Humas, yang fokus pada interaksi masyarakat baik secara daring maupun luring, serta kerjasama dengan pihak- pihak di luar Pondok Pesantren Ibnu Atha’illah. 2) Departemen Dakwah, yang berhubungan dengan pengajaran kitab kuning di daerah atau kabupaten, serta para da’i yang siap untuk menyebarluaskan dakwah Islam ke berbagai penjuru. 3) Departemen Pendidikan dan Pelatihan, yang berhubungan dengan pendampingan organisasi dan pengembangan pendidikan di Pondok Pesantren Ibnu Atha’illah di berbagai lokasi, termasuk juga pendirian perguruan tinggi Institut Agama Islam (IAI) Guru Kapuh Ibnu Atha’illah (GIBTHA). 4) Departemen Ekonomi dan Bisnis, yang terlibat dalam kemandirian dan usaha lembaga. 5) Departemen Sekretariat, yang bertanggung jawab untuk mendata alumni santri dari Pondok Pesantren Ibnu Atha’illah. Jumlah Aset lembaga yg dimilki saat ini Rp. 4.706.457.247 | E57: =hitung_F1!E347 -> 4
A58: =A57+1 -> 48 | B58: =hitung_F1!B350 -> 9.1.2 | C58: =hitung_F1!C350 -> Laporan keuangan badan penyelenggara | D58: =hitung_F1!G350 -> Laporan keuangan Yayasan untuk tahun yang berakhir per 31 desember 2025 sebagaimana terlampir yang terdiri dari a) Laporan posisi keuangan b) Laporan aktivitas c) Laporan arus kas d) Catatan atas laporan keuangan | E58: =hitung_F1!E354 -> 4
A59: =A58+1 -> 49 | B59: =hitung_F1!B357 -> 9.2.1 | C59: =hitung_F1!C357 -> Perguruan tinggi memiliki kebijakan pengelolaan dana yang mencakup aspek: (1) Rencana penerimaan dan pengalokasian, (2) Penyerapan dan penggunaan, (3) Monitoring & evaluasi, (4) Pelaporan, (5) Audit, dan (6) Pertanggungjawaban kepada pemangku kepentingan, serta mekanisme yang mengatur keterlibatan seluruh unit kerja dalam pengelolaan dana institusi. | D59: =hitung_F1!G357 -> IAI GIBTHA memiliki kebijakan pengelolaan dana yang mencakup aspek: (1) Rencana penerimaan dan pengalokasian, (2) Penyerapan dan penggunaan, (3) Monitoring & evaluasi, (4) Pelaporan, (5) Audit, dan (6) Pertanggungjawaban kepada pemangku kepentingan, serta mekanisme yang mengatur keterlibatan seluruh unit kerja dalam pengelolaan dana institusi. | E59: =hitung_F1!E363 -> 2
A60: =A59+1 -> 50 | B60: =hitung_F1!B366 -> 9.2.2 | C60: =hitung_F1!C366 -> Proyeksi Arus Kas | D60: =hitung_F1!G366 -> Proyeksi Arus Kas: IAI GIBTHA sudah menunjukkan sirkulasi keuangan secara: (1) rinci, (2) lengkap, (3) realistik, (4) logis, dan (5) konsisten dengan analisis pada studi kelayakan, serta tidak ada saldo negatif, dan dilengkapi dengan dokumen pendukung, terutama untuk pengeluaran investasi pembangunan gedung dan peralatan pendidikan. Jumlah Pendapatan tahun 2025 Rp. 29.900.095.122, Posisi keuangan, kegiatan finansial dan laporan aliran kas finansial Yayasan Ibnu Atha’illah dalam mendukung operasi perguruan tinggi yang aman dan sehat | E60: =hitung_F1!E370 -> 4
A61: =A60+1 -> 51 | B61: =hitung_F1!B373 -> 9.2.2.1 | C61: =hitung_F1!C373 -> Rencana penerimaan dana yang bersumber dari mahasiswa (SPP dan dana lainnya). | D61: =hitung_F1!G373 -> Ada informasi tentang rencana penerimaan dari sumber mahasiswa Rp. 8.190.000.000, dari total keseluruhan dana mmasuk yakni: Rp. 45,634,357,188 | E61: =hitung_F1!E377 -> 4
A62: =A61+1 -> 52 | B62: =hitung_F1!B380 -> 9.2.2.2 | C62: =hitung_F1!C380 -> Rencana penggunaan dana. | D62: =hitung_F1!G380 -> IAI GIBTHA memiliki rencana penggunaan dana yang realistik untuk penyelenggaraan proses pembelajaran, penelitian dan PkM seluruh program studi dan rencana investasi yang memadai selama minimal 3 tahun ke depan | E62: =hitung_F1!E386 -> 2
D64: =Menu!F18&", "&TEXT(Menu!F20,"dd mmmm yyyy") -> Bandung, 12 Mei 2026
D68: ttd
D71: =Menu!F16 -> Prof. Dr. Ramdani Wahyu S

Sheet F3
A1: FORMAT 3. BERITA ACARA ASESMEN LAPANGAN AKREDITASI INSTITUSI PERGURUAN TINGGI BARU
A3: Pada hari Ahad tanggal 24 Mei 2026 telah dilaksanakan asesmen lapangan untuk pendirian Institusi Perguruan Tinggi atas usulan Badan Penyelenggara Yayasan Ibnu Atta'illah Hulu Sungai Selatan
A4: Dari kegiatan tersebut diperoleh informasi butir-butir instrumen yang sesuai/ tidak sesuai dengan kenyataan, dengan penjelasan sebagai tercantum di dalam daftar sebagai berikut.
A6: No. | B6: No. Butir | C6: Informasi dari Instrumen | D6: Informasi dari Instrumen setelah Diverifikasi Melalui Wawancara dan Observasi | E6: Ket.
A7: ='F1'!A11 -> 1 | B7: ='F1'!B11 -> 1.1 | C7: ='F1'!D11 -> Penyusunan Visi, Misi, Tujuan, dan Sasaran Pendirian Institut Agama Islam (IAI) Guru Kapuh Ibnu Atha’illah (GHIBTA) dilakukan berdasarkan kajian terhadap tantangan serta kebutuhan yang muncul baik dari lingkungan eksternal maupun internal lembaga. Visi IAI: Menjadi Institut Agama Islam Guru Kapuh Ibnu Atha’illah Yang Unggul dalam memadukan keimanan, nilai Qur’an, adab dan keilmuan serta melahirkan generasi yang berdaya guna bagi umat dan berjiwa entrepreneur. Dalam penyusunan sudah melibatkan pihak internal dan eksternal, spt: Pondok Pesantren (Induk/Afiliasi), Pengguna Lulusan (Alumni & Dunia Kerja), Pemerintah (Kemenag, LLDIKTI, Pemda), Masyarakat/Komunitas Lokal, dan Mitra Kerja Sama (Perguruan Tinggi, NGO & Bank Syariah). Secara konseptual sudah ada kelajalasan arah visi yg diharapkan. Visi cukup realitisk karena adanya dukungan SDM dosen tendik yg memadai, ketersedian sarpras pendukung, serta tata kelola kelembagaan yg disiapkan, Konsep Visi memiliki keterkaitan arah dg mimpi atau keinginan Yayasan, yakni melahirkan generasi unggul yg berilmu pengetahuan, berakhlak al-karimah, dan mampu mengadaptasi perkembangan zaman | D7: Data sudah dikonfirmasi: Penyusunan Visi, Misi, Tujuan, dan Sasaran Pendirian Institut Ag+A7:E60ama Islam (IAI) Guru Kapuh Ibnu Atha’illah (GHIBTA) dilakukan berdasarkan kajian terhadap tantangan serta kebutuhan yang muncul baik dari lingkungan eksternal maupun internal lembaga. Visi IAI: Menjadi Institut Agama Islam Guru Kapuh Ibnu Atha’illah Yang Unggul dalam memadukan keimanan, nilai Qur’an, adab dan keilmuan serta melahirkan generasi yang berdaya guna bagi umat dan berjiwa entrepreneur. Dalam penyusunan sudah melibatkan pihak internal dan eksternal, spt: Pondok Pesantren (Induk/Afiliasi), Pengguna Lulusan (Alumni & Dunia Kerja), Pemerintah (Kemenag, LLDIKTI, Pemda), Masyarakat/Komunitas Lokal, dan Mitra Kerja Sama (Perguruan Tinggi, NGO & Bank Syariah). Secara konseptual sudah ada kelajalasan arah visi yg diharapkan. Visi cukup realitisk karena adanya dukungan SDM dosen tendik yg memadai, ketersedian sarpras pendukung, serta tata kelola kelembagaan yg disiapkan, Konsep Visi memiliki keterkaitan arah dg mimpi atau keinginan Yayasan, yakni melahirkan generasi unggul yg berilmu pengetahuan, berakhlak al-karimah, dan mampu mengadaptasi perkembangan zaman
A8: ='F1'!A12 -> 2 | B8: ='F1'!B12 -> 1.2 | C8: ='F1'!D12 -> Rencana Induk Pengembangan (RIP) IAI Guru Kapuh Ibnu Atha’illah (GHIBTA) 2025–2047 dijelaskan arah pengembangan lembaga menuju visi tahun 2047 dengan uraian sebagai berikut: Pertama, Tahap Forming, Established Institute. tahun 2032 IAI Guru Kapuh Ibnu Atha’illah (GHIBTA) bertransformasi menjadi Institut Agama Islam (IAI) Guru Kapuh Ibnu Atha’illah (GHIBTA). Kedua, Tahap Growing tahun 2032 menuju Universitas yang unggul dalam menghasilkan Ulama, Umaro dan Cendekiawan Muslim Dunia. | D8: Data sudah dikonfirmasi: Rencana Induk Pengembangan (RIP) IAI Guru Kapuh Ibnu Atha’illah (GHIBTA) 2025–2047 dijelaskan arah pengembangan lembaga menuju visi tahun 2047 dengan uraian sebagai berikut: Pertama, Tahap Forming, Established Institute. tahun 2032 IAI Guru Kapuh Ibnu Atha’illah (GHIBTA) bertransformasi menjadi Institut Agama Islam (IAI) Guru Kapuh Ibnu Atha’illah (GHIBTA). Kedua, Tahap Growing tahun 2032 menuju Universitas yang unggul dalam menghasilkan Ulama, Umaro dan Cendekiawan Muslim Dunia.
A9: ='F1'!A13 -> 3 | B9: ='F1'!B13 -> 2.1.1 | C9: ='F1'!D13 -> Penyelenggara Institut Agama Islam (IAI) Guru Kapuh Ibnu Atha’illah (GIBTHA) adalah Lembaga Pendidikan Yayasan Ibnu Athaillah Indonesia dengan telah terdaftar di Notaris MARIA SEPTIANI SOFIA, SH., M.KN. tercatat SK. MENKEH & HAM RI No AHU-08705.50.10.2014. TANGGAL 06 NOVEMBER 2014 | D9: Data terkonfirmasi: Penyelenggara Institut Agama Islam (IAI) Guru Kapuh Ibnu Atha’illah (GIBTHA) adalah Lembaga Pendidikan Yayasan Ibnu Athaillah Indonesia dengan telah terdaftar di Notaris MARIA SEPTIANI SOFIA, SH., M.KN. tercatat SK. MENKEH & HAM RI No AHU-08705.50.10.2014. TANGGAL 06 NOVEMBER 2014
A10: ='F1'!A14 -> 4 | B10: ='F1'!B14 -> 2.1.2 | C10: ='F1'!D14 -> Badan Penyelenggara telah memiliki Surat Keputusan Pejabat Berwenang daro Kemenkumham melelui Notaris: MARIA SEPTIANI SOFIA, SH., M.KN. NOTARIS. PPAT, SK. MENKEH & HAM RI No. AHU-08705.50.10.2014. TANGGAL 06 NOVEMBER 2014 PENGESAHAN PENDIRIAN YAYASAN IBNU ATHA’ILLAH TANGGAL : 06 November 2014. Pada Pasal 3 disebutkan: Yayasan berberak pada bidang Pendidikan meliputi: Mendirikan Menyelenggarakan lembaga-lembaga pendidikan yang bersifat formal dan nonformal meliputi jenjang pendidikan pra-sekolah sampai tingkat perguruan tinggi atau pascasarjana | D10: Data sudah dikonfirmasi: Badan Penyelenggara telah memiliki Surat Keputusan Pejabat Berwenang daro Kemenkumham melelui Notaris: MARIA SEPTIANI SOFIA, SH., M.KN. NOTARIS. PPAT, SK. MENKEH & HAM RI No. AHU-08705.50.10.2014. TANGGAL 06 NOVEMBER 2014 PENGESAHAN PENDIRIAN YAYASAN IBNU ATHA’ILLAH TANGGAL : 06 November 2014. Pada Pasal 3 disebutkan: Yayasan berberak pada bidang Pendidikan meliputi: Mendirikan Menyelenggarakan lembaga-lembaga pendidikan yang bersifat formal dan nonformal meliputi jenjang pendidikan pra-sekolah sampai tingkat perguruan tinggi atau pascasarjana
A11: ='F1'!A15 -> 5 | B11: ='F1'!B15 -> 2.2.1 | C11: ='F1'!D15 -> Rancangan tata pamong yang akan diberlakukan Institut Agama Islam (IAI) Guru Kapuh Ibnu Atha’illah (GIBTHA) bertujuan untuk membangun sistem pengelolaan yang kredibel, transparan, akuntabel, bertanggung jawab, dan adil, sesuai dengan prinsip-prinsip good university governance (GUG); indikator yg dapat diuraikan tentang pelaksanaan tata pemong kredibel terlihat dari: (1) Kredible, terlihat seluruh proses manajerial dan akademik harus didukung oleh basis empiris (evidence-based) dan justifikasi normatif. (2) Transparan, tercerrmin pada eterbukaan informasi publik (misalnya, laporan keuangan, kebijakan SDM, dan kriteria penerimaan) tetapi juga artikulasi yang eksplisit mengenai mekanisme pengambilan keputusan. (3) Akuntable, tercermin adanya kebijakan yang jelas dan keterbukaan terhadap proses pengambilan keputusan. (4) Bertanggung jawab: secara kelembagaan IAI memiliki alur pendistribusian kerja yg sudah memada. Pilar ini bertugas memastikan institusi tetap mematuhi hukum dan bertanggung jawab secara etis. IPT harus berjalan sesuai dengan aturan yang berlaku di negara, serta lebih dari itu, menggabungkan prinsip Tanggung Jawab Sosial Institusi (TSI) atau Corporate Social Responsibility (CSR), dan (5) Adil; tercermin adanya kesetaraan perlakuan dan objektivitas dalam interaksi antara institusi dengan seluruh civitas academica dan mitra. Ini diwujudkan melalui prosedur yang imparsial dalam pengelolaan sumber daya manusia, pengadaan barang/jasa, dan penentuan hak serta kewajiban. | D11: Data sudah dikonfirmasi: Rancangan tata pamong yang akan diberlakukan Institut Agama Islam (IAI) Guru Kapuh Ibnu Atha’illah (GIBTHA) bertujuan untuk membangun sistem pengelolaan yang kredibel, transparan, akuntabel, bertanggung jawab, dan adil, sesuai dengan prinsip-prinsip good university governance (GUG); indikator yg dapat diuraikan tentang pelaksanaan tata pemong kredibel terlihat dari: (1) Kredible, terlihat seluruh proses manajerial dan akademik harus didukung oleh basis empiris (evidence-based) dan justifikasi normatif. (2) Transparan, tercerrmin pada eterbukaan informasi publik (misalnya, laporan keuangan, kebijakan SDM, dan kriteria penerimaan) tetapi juga artikulasi yang eksplisit mengenai mekanisme pengambilan keputusan. (3) Akuntable, tercermin adanya kebijakan yang jelas dan keterbukaan terhadap proses pengambilan keputusan. (4) Bertanggung jawab: secara kelembagaan IAI memiliki alur pendistribusian kerja yg sudah memada. Pilar ini bertugas memastikan institusi tetap mematuhi hukum dan bertanggung jawab secara etis. IPT harus berjalan sesuai dengan aturan yang berlaku di negara, serta lebih dari itu, menggabungkan prinsip Tanggung Jawab Sosial Institusi (TSI) atau Corporate Social Responsibility (CSR), dan (5) Adil; tercermin adanya kesetaraan perlakuan dan objektivitas dalam interaksi antara institusi dengan seluruh civitas academica dan mitra. Ini diwujudkan melalui prosedur yang imparsial dalam pengelolaan sumber daya manusia, pengadaan barang/jasa, dan penentuan hak serta kewajiban.
A12: ='F1'!A16 -> 6 | B12: ='F1'!B16 -> 2.2.2 | C12: ='F1'!D16 -> Terdapat gambaran jelas tentang rancangan struktur organisasi IAI GIBTHA terdiri dari: 1) Rektor, 2) Wakil Rektor 123, sebagai Penyusun Kebijakan; 3) Ketua Prodi dan Sekretaris Prodi sebagai pelaksana akademik; 4) LPM (Lembaga Penjaminan Mutu): sebagai pengawas dan penjamin mutu IAI, 5) Perpustakaan sebagai Penunjang Akademik/ Sumber Belajar, 6) Biro keuangan, Biro administrasi sebagai pelaksana administrasi. Ada penjelasan secara detail tentang jobdescription untuk masing-masing unit tersebut. | D12: Fakta Lapangan dan sesuai hasil konfirmasi: Terdapat gambaran jelas tentang rancangan struktur organisasi IAI GIBTHA terdiri dari: 1) Rektor, 2) Wakil Rektor 123, sebagai Penyusun Kebijakan; 3) Ketua Prodi dan Sekretaris Prodi sebagai pelaksana akademik; 4) LPM (Lembaga Penjaminan Mutu): sebagai pengawas dan penjamin mutu IAI, 5) Perpustakaan sebagai Penunjang Akademik/ Sumber Belajar, 6) Biro keuangan, Biro administrasi sebagai pelaksana administrasi. Ada penjelasan secara detail tentang jobdescription untuk masing-masing unit tersebut.
A13: ='F1'!A17 -> 7 | B13: ='F1'!B17 -> 2.3.1 | C13: ='F1'!D17 -> Terdapat penjelasan secara baik dan memadai tentang IAI GHIBTA memiliki rancangan dokumen sistem pengelolaan yang mencakup (1) analisis jabatan dari setiap pengelola yg terpangpang dalam struktur organisasi, (2) uraian tugas lengkap dari setiap unsur yg ada, dan (3) prosedur kerja yg menggambarkan adanya hubungan timbal balik kerja antara satu unit dg unit lainnya, atasan bawahan. Rancangan program pengembangan kompetensi manajerial berupa: Peningkatan kompetensi manajerial dilakukan dengan mengacu kepada SK Yayasan. Program pengembangan meliputi kegiatan berikut: 1) Program Peningkatan Kompetensi manajerial Pimpinan; khusus untuk peningkatan kompetensi diberikan kepada unsur pimpinan untuk semua unit kerja di lingkungan IAI; 2) Peningkatan manajemen sumber daya manusia, 3) Peningkatan manajemen keuangan, dan 4) Peningkatan manajemen sarana prasarana. | D13: Sesuai data di lapangan, Terdapat penjelasan secara baik dan memadai tentang IAI GHIBTA memiliki rancangan dokumen sistem pengelolaan yang mencakup (1) analisis jabatan dari setiap pengelola yg terpangpang dalam struktur organisasi, (2) uraian tugas lengkap dari setiap unsur yg ada, dan (3) prosedur kerja yg menggambarkan adanya hubungan timbal balik kerja antara satu unit dg unit lainnya, atasan bawahan. Rancangan program pengembangan kompetensi manajerial berupa: Peningkatan kompetensi manajerial dilakukan dengan mengacu kepada SK Yayasan. Program pengembangan meliputi kegiatan berikut: 1) Program Peningkatan Kompetensi manajerial Pimpinan; khusus untuk peningkatan kompetensi diberikan kepada unsur pimpinan untuk semua unit kerja di lingkungan IAI; 2) Peningkatan manajemen sumber daya manusia, 3) Peningkatan manajemen keuangan, dan 4) Peningkatan manajemen sarana prasarana.
A14: ='F1'!A18 -> 8 | B14: ='F1'!B18 -> 2.3.2 | C14: ='F1'!D18 -> Rancangan desiminasi/laporan hasil kerja PT secara berkala dirancang secara baik sebagai bukti pertanggungjawaban lembaga terhadap publik, merujuk pada: Standar Nasional Pendidikan Tinggi (SN-Dikti): Diseminasi merupakan bagian dari siklus Penetapan, Pelaksanaan, Evaluasi, Pengendalian, dan Peningkatan (PPEPP) dalam Sistem Penjaminan Mutu Internal (SPMI) perguruan tinggi, dan Peraturan Badan Akreditasi Nasional Perguruan Tinggi (BAN-PT). Dokumen laporan desiminasi antara lain: 1) Menyajikan bukti otentik kepada pemangku kepentingan (internal dan eksternal) bahwa penyelenggaraan pendidikan telah memenuhi standar mutu nasional dan internasional. 2) Evaluasi Kinerja: Mengidentifikasi kekuatan dan kelemahan institusi dengan membandingkan hasil aktual terhadap target Rencana Operasional (Renop) 2026– 2031, yang diukur melalui empat kategori indikator: Masukan, Proses, Keluaran, dan Danpak. 3) Berbasis IKU dan 9 Program Strategis sebagai landasan untuk perumusan kebijakan dan perbaikan mutu berkelanjutan. | D14: Secara Fakta di lapangan: Rancangan desiminasi/laporan hasil kerja PT secara berkala dirancang secara baik sebagai bukti pertanggungjawaban lembaga terhadap publik, merujuk pada: Standar Nasional Pendidikan Tinggi (SN-Dikti): Diseminasi merupakan bagian dari siklus Penetapan, Pelaksanaan, Evaluasi, Pengendalian, dan Peningkatan (PPEPP) dalam Sistem Penjaminan Mutu Internal (SPMI) perguruan tinggi, dan Peraturan Badan Akreditasi Nasional Perguruan Tinggi (BAN-PT). Dokumen laporan desiminasi antara lain: 1) Menyajikan bukti otentik kepada pemangku kepentingan (internal dan eksternal) bahwa penyelenggaraan pendidikan telah memenuhi standar mutu nasional dan internasional. 2) Evaluasi Kinerja: Mengidentifikasi kekuatan dan kelemahan institusi dengan membandingkan hasil aktual terhadap target Rencana Operasional (Renop) 2026– 2031, yang diukur melalui empat kategori indikator: Masukan, Proses, Keluaran, dan Danpak. 3) Berbasis IKU dan 9 Program Strategis sebagai landasan untuk perumusan kebijakan dan perbaikan mutu berkelanjutan.
A15: ='F1'!A19 -> 9 | B15: ='F1'!B19 -> 2.4.1.1 | C15: ='F1'!D19 -> Terdapat 4 PS yang diusulkan untuk menyertai usulan IAI GHIBTA Kalsel. yakni: 1) Program Studi Pendidikan Bahasa Arab (PBA), 2) Program Studi Manajemen Pendidikan Islam (MPI), 3) Program Studi Pendidikan Agama Islam (PAI), dan 4) Program Studi Ekonomi Syariah (ES). | D15: Fakta Lapangan: Terdapat 4 PS yang diusulkan untuk menyertai usulan IAI GHIBTA Kalsel. yakni: 1) Program Studi Pendidikan Bahasa Arab (PBA), 2) Program Studi Manajemen Pendidikan Islam (MPI), 3) Program Studi Pendidikan Agama Islam (PAI), dan 4) Program Studi Ekonomi Syariah (ES).
A16: ='F1'!A20 -> 10 | B16: ='F1'!B20 -> 2.4.1.2 | C16: ='F1'!D20 -> Terdapat NPS_B = Jumlah program studi dari rumpun ilmu agama: 4 PS, yakni:1) Program Studi Pendidikan Bahasa Arab (PBA), 2) Program Studi Manajemen Pendidikan Islam (MPI), 3) Program Studi Pendidikan Agama Islam (PAI), dan 4) Program Studi Ekonomi Syariah (ES). | D16: Fakta Lapangan: Terdapat NPS_B = Jumlah program studi dari rumpun ilmu agama: 4 PS, yakni:1) Program Studi Pendidikan Bahasa Arab (PBA), 2) Program Studi Manajemen Pendidikan Islam (MPI), 3) Program Studi Pendidikan Agama Islam (PAI), dan 4) Program Studi Ekonomi Syariah (ES).
A17: ='F1'!A21 -> 11 | B17: ='F1'!B21 -> 2.4.1.3 | C17: ='F1'!D21 -> Terdapat NPS_B = Jumlah program studi dari rumpun ilmu agama: 4 PS, yakni: 1) Program Studi Pendidikan Bahasa Arab (PBA), 2) Program Studi Manajemen Pendidikan Islam (MPI), 3) Program Studi Pendidikan Agama Islam (PAI), dan 4) Program Studi Ekonomi Syariah (ES). | D17: Fakta Lapangan: Terdapat NPS_B = Jumlah program studi dari rumpun ilmu agama: 4 PS, yakni: 1) Program Studi Pendidikan Bahasa Arab (PBA), 2) Program Studi Manajemen Pendidikan Islam (MPI), 3) Program Studi Pendidikan Agama Islam (PAI), dan 4) Program Studi Ekonomi Syariah (ES).
A18: ='F1'!A22 -> 12 | B18: ='F1'!B22 -> 2.4.2 | C18: ='F1'!D22 -> Terdapat NM = NPS_ijinbaru = Jumlah program studi baru yang terakreditasi minimum (berdasarkan hasil penilaian akreditasi program studi baru): 4 PS, yakni 1) Program Studi Pendidikan Bahasa Arab (PBA), 2) Program Studi Manajemen Pendidikan Islam (MPI), 3) Program Studi Pendidikan Agama Islam (PAI), dan 4) Program Studi Ekonomi Syariah (ES). | D18: Fakta Lapangan: Terdapat NM = NPS_ijinbaru = Jumlah program studi baru yang terakreditasi minimum (berdasarkan hasil penilaian akreditasi program studi baru): 4 PS, yakni 1) Program Studi Pendidikan Bahasa Arab (PBA), 2) Program Studi Manajemen Pendidikan Islam (MPI), 3) Program Studi Pendidikan Agama Islam (PAI), dan 4) Program Studi Ekonomi Syariah (ES).
... A58: ='F1'!A62 -> 52 | B58: ='F1'!B62 -> 9.2.2.2 | C58: ='F1'!D62 -> IAI GIBTHA memiliki rencana penggunaan dana yang realistik untuk penyelenggaraan proses pembelajaran, penelitian dan PkM seluruh program studi dan rencana investasi yang memadai selama minimal 3 tahun ke depan | D58: Data Terkonfirmasi: IAI GIBTHA memiliki rencana penggunaan dana yang realistik untuk penyelenggaraan proses pembelajaran, penelitian dan PkM seluruh program studi dan rencana investasi yang memadai selama minimal 3 tahun ke depan
A60: Berita acara asesmen lapangan ini ditandatangani oleh asesor dan pimpinan badan penyelenggara.
D62: Sugai Hulu Selatan, 24 Mei 2026
A64: Pimpinan Badan Penyelenggara | D64: Asesor
A65: Ketua Yayasan Ibnu Atha’illah
D68: 1. Prof. Dr. Ramdani Wahyu Sururie
A73: H. Akhmad Sukeran, S.Pd | D73: 2. Prof. Dr.Fauzan, MA

Sheet F4
A1: FORMAT 4. PENILAIAN AKHIR AKREDITASI INSTITUSI PERGURUAN TINGGI BARU
A3: Penilaian Tim
A5: Nama Badan Penyelenggara: | F5: =Menu!H6 -> Yayasan Ibnu Atha’illah
A6: Kode Panel: | F6: =Menu!H10 -> 0
A7: Tanggal Penilaian: | F7: =Menu!R24 -> 24 Mei 2026
A9: Berdasarkan penilaian yang dilakukan pada kegiatan asesmen kecukupan dan asesmen lapangan, disampaikan penilaian akhir akreditasi institusi perguruan tinggi baru yang disajikan pada tabel berikut.
A11: No. | B11: No. Butir | C11: Penilaian | G11: Penjelasan/Dasar Penilaian yang Diperoleh dari Dokumen Borang, Wawancara, dan Observasi | H11: Rekomendasi Pendirian
C12: Asr-1 | D12: Asr-2 | F12: Nilai Akhir
C13: Asr1 | D13: Asr2 | E13: Asr3 | F13: Nilai Akhir
A14: ='F1'!A11 -> 1 | B14: ='F1'!B11 -> 1.1 | C14: 3.5 | F14: =AVERAGE(C14:E14) -> 3.5 | G14: ='F3'!D7 -> Data sudah dikonfirmasi: Penyusunan Visi, Misi, Tujuan, dan Sasaran Pendirian Institut Ag+A7:E60ama Islam (IAI) Guru Kapuh Ibnu Atha’illah (GHIBTA) dilakukan berdasarkan kajian terhadap tantangan serta kebutuhan yang muncul baik dari lingkungan eksternal maupun internal lembaga. Visi IAI: Menjadi Institut Agama Islam Guru Kapuh Ibnu Atha’illah Yang Unggul dalam memadukan keimanan, nilai Qur’an, adab dan keilmuan serta melahirkan generasi yang berdaya guna bagi umat dan berjiwa entrepreneur. Dalam penyusunan sudah melibatkan pihak internal dan eksternal, spt: Pondok Pesantren (Induk/Afiliasi), Pengguna Lulusan (Alumni & Dunia Kerja), Pemerintah (Kemenag, LLDIKTI, Pemda), Masyarakat/Komunitas Lokal, dan Mitra Kerja Sama (Perguruan Tinggi, NGO & Bank Syariah). Secara konseptual sudah ada kelajalasan arah visi yg diharapkan. Visi cukup realitisk karena adanya dukungan SDM dosen tendik yg memadai, ketersedian sarpras pendukung, serta tata kelola kelembagaan yg disiapkan, Konsep Visi memiliki keterkaitan arah dg mimpi atau keinginan Yayasan, yakni melahirkan generasi unggul yg berilmu pengetahuan, berakhlak al-karimah, dan mampu mengadaptasi perkembangan zaman
A15: ='F1'!A12 -> 2 | B15: ='F1'!B12 -> 1.2 | C15: 3.5 | F15: =AVERAGE(C15:E15) -> 3.5 | G15: ='F3'!D8 -> Data sudah dikonfirmasi: Rencana Induk Pengembangan (RIP) IAI Guru Kapuh Ibnu Atha’illah (GHIBTA) 2025–2047 dijelaskan arah pengembangan lembaga menuju visi tahun 2047 dengan uraian sebagai berikut: Pertama, Tahap Forming, Established Institute. tahun 2032 IAI Guru Kapuh Ibnu Atha’illah (GHIBTA) bertransformasi menjadi Institut Agama Islam (IAI) Guru Kapuh Ibnu Atha’illah (GHIBTA). Kedua, Tahap Growing tahun 2032 menuju Universitas yang unggul dalam menghasilkan Ulama, Umaro dan Cendekiawan Muslim Dunia.
A16: ='F1'!A13 -> 3 | B16: ='F1'!B13 -> 2.1.1 | C16: 4 | F16: =AVERAGE(C16:E16) -> 4 | G16: ='F3'!D9 -> Data terkonfirmasi: Penyelenggara Institut Agama Islam (IAI) Guru Kapuh Ibnu Atha’illah (GIBTHA) adalah Lembaga Pendidikan Yayasan Ibnu Athaillah Indonesia dengan telah terdaftar di Notaris MARIA SEPTIANI SOFIA, SH., M.KN. tercatat SK. MENKEH & HAM RI No AHU-08705.50.10.2014. TANGGAL 06 NOVEMBER 2014
A17: ='F1'!A14 -> 4 | B17: ='F1'!B14 -> 2.1.2 | C17: 4 | F17: =AVERAGE(C17:E17) -> 4 | G17: ='F3'!D10 -> Data sudah dikonfirmasi: Badan Penyelenggara telah memiliki Surat Keputusan Pejabat Berwenang daro Kemenkumham melelui Notaris: MARIA SEPTIANI SOFIA, SH., M.KN. NOTARIS. PPAT, SK. MENKEH & HAM RI No. AHU-08705.50.10.2014. TANGGAL 06 NOVEMBER 2014 PENGESAHAN PENDIRIAN YAYASAN IBNU ATHA’ILLAH TANGGAL : 06 November 2014. Pada Pasal 3 disebutkan: Yayasan berberak pada bidang Pendidikan meliputi: Mendirikan Menyelenggarakan lembaga-lembaga pendidikan yang bersifat formal dan nonformal meliputi jenjang pendidikan pra-sekolah sampai tingkat perguruan tinggi atau pascasarjana
A18: ='F1'!A15 -> 5 | B18: ='F1'!B15 -> 2.2.1 | C18: 3 | F18: =AVERAGE(C18:E18) -> 3 | G18: ='F3'!D11 -> Data sudah dikonfirmasi: Rancangan tata pamong yang akan diberlakukan Institut Agama Islam (IAI) Guru Kapuh Ibnu Atha’illah (GIBTHA) bertujuan untuk membangun sistem pengelolaan yang kredibel, transparan, akuntabel, bertanggung jawab, dan adil, sesuai dengan prinsip-prinsip good university governance (GUG); indikator yg dapat diuraikan tentang pelaksanaan tata pemong kredibel terlihat dari: (1) Kredible, terlihat seluruh proses manajerial dan akademik harus didukung oleh basis empiris (evidence-based) dan justifikasi normatif. (2) Transparan, tercerrmin pada eterbukaan informasi publik (misalnya, laporan keuangan, kebijakan SDM, dan kriteria penerimaan) tetapi juga artikulasi yang eksplisit mengenai mekanisme pengambilan keputusan. (3) Akuntable, tercermin adanya kebijakan yang jelas dan keterbukaan terhadap proses pengambilan keputusan. (4) Bertanggung jawab: secara kelembagaan IAI memiliki alur pendistribusian kerja yg sudah memada. Pilar ini bertugas memastikan institusi tetap mematuhi hukum dan bertanggung jawab secara etis. IPT harus berjalan sesuai dengan aturan yang berlaku di negara, serta lebih dari itu, menggabungkan prinsip Tanggung Jawab Sosial Institusi (TSI) atau Corporate Social Responsibility (CSR), dan (5) Adil; tercermin adanya kesetaraan perlakuan dan objektivitas dalam interaksi antara institusi dengan seluruh civitas academica dan mitra. Ini diwujudkan melalui prosedur yang imparsial dalam pengelolaan sumber daya manusia, pengadaan barang/jasa, dan penentuan hak serta kewajiban.
A19: ='F1'!A16 -> 6 | B19: ='F1'!B16 -> 2.2.2 | C19: 3.5 | F19: =AVERAGE(C19:E19) -> 3.5 | G19: ='F3'!D12 -> Fakta Lapangan dan sesuai hasil konfirmasi: Terdapat gambaran jelas tentang rancangan struktur organisasi IAI GIBTHA terdiri dari: 1) Rektor, 2) Wakil Rektor 123, sebagai Penyusun Kebijakan; 3) Ketua Prodi dan Sekretaris Prodi sebagai pelaksana akademik; 4) LPM (Lembaga Penjaminan Mutu): sebagai pengawas dan penjamin mutu IAI, 5) Perpustakaan sebagai Penunjang Akademik/ Sumber Belajar, 6) Biro keuangan, Biro administrasi sebagai pelaksana administrasi. Ada penjelasan secara detail tentang jobdescription untuk masing-masing unit tersebut.
A20: ='F1'!A17 -> 7 | B20: ='F1'!B17 -> 2.3.1 | C20: 3.5 | F20: =AVERAGE(C20:E20) -> 3.5 | G20: ='F3'!D13 -> Sesuai data di lapangan, Terdapat penjelasan secara baik dan memadai tentang IAI GHIBTA memiliki rancangan dokumen sistem pengelolaan yang mencakup (1) analisis jabatan dari setiap pengelola yg terpangpang dalam struktur organisasi, (2) uraian tugas lengkap dari setiap unsur yg ada, dan (3) prosedur kerja yg menggambarkan adanya hubungan timbal balik kerja antara satu unit dg unit lainnya, atasan bawahan. Rancangan program pengembangan kompetensi manajerial berupa: Peningkatan kompetensi manajerial dilakukan dengan mengacu kepada SK Yayasan. Program pengembangan meliputi kegiatan berikut: 1) Program Peningkatan Kompetensi manajerial Pimpinan; khusus untuk peningkatan kompetensi diberikan kepada unsur pimpinan untuk semua unit kerja di lingkungan IAI; 2) Peningkatan manajemen sumber daya manusia, 3) Peningkatan manajemen keuangan, dan 4) Peningkatan manajemen sarana prasarana.
A21: ='F1'!A18 -> 8 | B21: ='F1'!B18 -> 2.3.2 | C21: 3.5 | F21: =AVERAGE(C21:E21) -> 3.5 | G21: ='F3'!D14 -> Secara Fakta di lapangan: Rancangan desiminasi/laporan hasil kerja PT secara berkala dirancang secara baik sebagai bukti pertanggungjawaban lembaga terhadap publik, merujuk pada: Standar Nasional Pendidikan Tinggi (SN-Dikti): Diseminasi merupakan bagian dari siklus Penetapan, Pelaksanaan, Evaluasi, Pengendalian, dan Peningkatan (PPEPP) dalam Sistem Penjaminan Mutu Internal (SPMI) perguruan tinggi, dan Peraturan Badan Akreditasi Nasional Perguruan Tinggi (BAN-PT). Dokumen laporan desiminasi antara lain: 1) Menyajikan bukti otentik kepada pemangku kepentingan (internal dan eksternal) bahwa penyelenggaraan pendidikan telah memenuhi standar mutu nasional dan internasional. 2) Evaluasi Kinerja: Mengidentifikasi kekuatan dan kelemahan institusi dengan membandingkan hasil aktual terhadap target Rencana Operasional (Renop) 2026– 2031, yang diukur melalui empat kategori indikator: Masukan, Proses, Keluaran, dan Danpak. 3) Berbasis IKU dan 9 Program Strategis sebagai landasan untuk perumusan kebijakan dan perbaikan mutu berkelanjutan.
A22: ='F1'!A19 -> 9 | B22: ='F1'!B19 -> 2.4.1.1 | C22: 3.5 | F22: =AVERAGE(C22:E22) -> 3.5 | G22: ='F3'!D15 -> Fakta Lapangan: Terdapat 4 PS yang diusulkan untuk menyertai usulan IAI GHIBTA Kalsel. yakni: 1) Program Studi Pendidikan Bahasa Arab (PBA), 2) Program Studi Manajemen Pendidikan Islam (MPI), 3) Program Studi Pendidikan Agama Islam (PAI), dan 4) Program Studi Ekonomi Syariah (ES).
A23: ='F1'!A20 -> 10 | B23: ='F1'!B20 -> 2.4.1.2 | C23: 3.5 | F23: =AVERAGE(C23:E23) -> 3.5 | G23: ='F3'!D16 -> Fakta Lapangan: Terdapat NPS_B = Jumlah program studi dari rumpun ilmu agama: 4 PS, yakni:1) Program Studi Pendidikan Bahasa Arab (PBA), 2) Program Studi Manajemen Pendidikan Islam (MPI), 3) Program Studi Pendidikan Agama Islam (PAI), dan 4) Program Studi Ekonomi Syariah (ES).
A24: ='F1'!A21 -> 11 | B24: ='F1'!B21 -> 2.4.1.3 | C24: 3.5 | F24: =AVERAGE(C24:E24) -> 3.5 | G24: ='F3'!D17 -> Fakta Lapangan: Terdapat NPS_B = Jumlah program studi dari rumpun ilmu agama: 4 PS, yakni: 1) Program Studi Pendidikan Bahasa Arab (PBA), 2) Program Studi Manajemen Pendidikan Islam (MPI), 3) Program Studi Pendidikan Agama Islam (PAI), dan 4) Program Studi Ekonomi Syariah (ES).
A25: ='F1'!A22 -> 12 | B25: ='F1'!B22 -> 2.4.2 | C25: 3.5 | F25: =AVERAGE(C25:E25) -> 3.5 | G25: ='F3'!D18 -> Fakta Lapangan: Terdapat NM = NPS_ijinbaru = Jumlah program studi baru yang terakreditasi minimum (berdasarkan hasil penilaian akreditasi program studi baru): 4 PS, yakni 1) Program Studi Pendidikan Bahasa Arab (PBA), 2) Program Studi Manajemen Pendidikan Islam (MPI), 3) Program Studi Pendidikan Agama Islam (PAI), dan 4) Program Studi Ekonomi Syariah (ES).
... A65: ='F1'!A62 -> 52 | B65: ='F1'!B62 -> 9.2.2.2 | C65: 3 | F65: =AVERAGE(C65:E65) -> 3 | G65: ='F3'!D58 -> Data Terkonfirmasi: IAI GIBTHA memiliki rencana penggunaan dana yang realistik untuk penyelenggaraan proses pembelajaran, penelitian dan PkM seluruh program studi dan rencana investasi yang memadai selama minimal 3 tahun ke depan
G67: ='F3'!D62 -> Sugai Hulu Selatan, 24 Mei 2026
A69: Nama Asesor | G69: Tanda Tangan
A72: 1. Prof. Dr. Ramdani Wahyu Sururie
A79: 2. Prof. Dr. Fauzan, MA

Sheet F6
A1: FORMAT 6. REKOMENDASI PENDIRIAN PERGURUAN TINGGI BARU
A3: Nama Badan Penyelenggara: | D3: =Menu!H6 -> Yayasan Ibnu Atha’illah
A4: Kode Panel: | D4: =Menu!H10 -> 0
A6: Standar 1. Visi dan Misi
A8: Terdapat penjelasan yang cukup tentang perumusan visi, misi, tujuan, dan sasaran (VMTS), sudah realistik karena telah mempertimbangkan aspek-aspek makro dan mikro menyangkut posisi IAI GHIBTA dalam dinamika global, nasional, regional, dan juga lokal. Direkomendasikan untuk dibuka menjadi IAI GHIBTA
A14: Standar 2. Tata Kelola
A16: Telah terjelaskan cukup baik adanya tata kelola organisasi, namun masih diperlukan perwujudan tata kelola yang lebih baik untuk ke depannya. Sudah tergambar adanya struktur yang telah mempetimbangkan hirarki yang cukup baik, misalnya: Ada yayasan, ketua, senat, wakil ketua, ketua jurusan/PS, sekretaris jurusan/PS, UPM, LP2M, kabag, kasubag, staffing, dll. Direkomendasikan untuk dibuka menjadi IAI GHIBTA
A23: Standar 3. Mahasiswa dan Lulusan
A25: IAI GHIBTA : Mahasiswa memang belum dapat dibaca karena memang belum ada rekruetmen mahasiswa. Oleh karena itu, perlu dirancang/ disusun buku pedoman perekrutan mahasiswa secara baik dengan ketentuan dan syarat-syarat yang ditentukan secara rigid, kredibel dan akuntabel. Pada konteks saat ini, agar dirancang pedoman/SOP perekrutan dilakukan secara terbuka dengan memanfaatkan media tidak hanya offline namun juga online, sehingga dapat diakses secara terbuka karena IAI GHIBTA ke depannya akan menjadi milik publik. Perlu dirumuskan juga tentang tidak hanya kuantitas namun juga kualitas input mahasiswanya. Walaupun demikian, Direkomendasikan untuk dibuka menjadi IAI GHIBTA
A29: Standar 4. Sumber Daya Manusia
A31: Dengan melihat data calon dosen (SDM) IAI GHIBTA yang diusulkan dengan 2 Program Studi dan 11 calon SDM (dosen) yang sudah mendapat persetujuan oleh LAM, maka untuk kepentingan pengembangan IAI GHIBTA ke depan, hendaknya SDM (Dosen) dirancang pengembangannya pada kualifikasi pendidikan ke jenjang yang lebih tinggi (S3), jabatan akademik (Lektor, lektor kepala), sertifikasi dosen, peningkatan karya ilmiah, dan lain-lain. Walaupun demikian, Direkomendasikan untuk dibuka menjadi IAI GHIBTA
A36: Standar 5. Pembelajaran dan Suasana Akademik
A38: Dalam konteks dinamika yang terus berubah, sangat penting dibuat/dirancang pedoman akademik yang memayungi suasana akademik yang kondusif, tidak hanya mengatur tentang suasana akademik di dalam kelas dalam bentuk perkuliahan, namun juga di luar kelas. Agar dirancang bentuk-bentuk dan program akademik yang dapat inspiring seluruh mahasiswa dan civitas akademika lainnya. Walaupun demikian, Direkomendasikan untuk dibuka menjadi IAI GHIBTA
A42: Standar 6. Penelitian
A44: Berdasarkan pada penelusuran data saat AL, IAI GHIBTA belum merancang peta jalan penelitian secara lebih jelas dan realistik, sehingga untuk kepentingan pengembangan penelitian ke depan, perlu dirancang peta jalan penelitian, yang tidak hanya berbasis pada dosen, namun juga kepada mahasiswa. Juga penting untuk diintegrasikan beberapa mata kuliah dengan kegiatan penelitian yang melibatkan dosen dan mahasiswa. Walaupun demikian, Direkomendasikan untuk dibuka menjadi IAI GHIBTA
... A69: IAI GHIBTA memiliki anggaran yang cukup, dan sudah sesuai dengan syarat minimal yang dimiliki oleh badan penyelenggra. Namun perlu dikembangkan untuk masa-masa mendatang, dengan banyak kreasi seperti menjalin kerjasama dengan berbagai pihak baik pemkot, pemda, pemprof, dikti, Kemenag, dalam negeri maupun luar negeri, dan juga membuka badan usaha. Walaupun demikian, Direkomendasikan untuk dibuka menjadi IAI GHIBTA.
E76: Sungai Hulu Selatan, 24 Mei 2026
A78: Nama Asesor | E78: Tanda Tangan
A81: 1. Prof. Dr. Ramdani Wahyu Sururie
A84: 2. Prof. Dr. Fauzan, MA

Sheet Nilai AK
A1: REKAPITULASI NILAI ASESMEN KECUKUPAN
A3: Nama Perguruan Tinggi: | D3: ='F1'!D5 -> Yayasan Ibnu Atha’illah
A4: Nama Asesor: | D4: ='F1'!D6 -> Prof.Dr. Ramdani Wahyu Suurie, M.Ag.,M.Si
A5: Kode Panel: | D5: ='F1'!D7 -> 0
A6: Tanggal Penilaian: | D6: ='F1'!D8 -> 12 Mei 2026
B9: NO. BUTIR | C9: F1 | G9: Penilaian Mutlak | L9: Rekap Asesmen Kecukupan
C10: Skor | D10: Bobot | E10: Skor x Bobot | G10: No. Butir | H10: Deskriptor | I10: V | J10: X | L10: Penilaian Mutlak | O10: =IF(J30=0,"Terpenuhi","Belum Terpenuhi") -> Terpenuhi
B11: 1 | C11: ='F1'!E11 -> 3 | D11: 5 | E11: =C11*D11 -> 15 | G11: 3 | H11: 2.1.1 Akta Notaris Pendirian Badan Hukum Penyelenggara | I11: =IF(C13=4,"V","") -> V | J11: =IF(C13=0,"X","")
B12: =B11+1 -> 2 | C12: ='F1'!E12 -> 3 | D12: 5 | E12: =C12*D12 -> 15 | G12: 4 | H12: 2.1.2 SK Pengesahan Badan Penyelenggara | I12: =IF(C14=4,"V","") -> V | J12: =IF(C14=0,"X","")
B13: =B12+1 -> 3 | C13: ='F1'!E13 -> 4 | D13: 0 | E13: =C13*D13 -> 0 | G13: 9 | H13: 2.4.1.1 Jumlah Program Studi | I13: =IF(C19=4,"V","") -> V | J13: =IF(C19=0,"X","") | L13: Penilaian Kelayakan dan Mutu | O13: =E64 -> 290.16611
B14: =B13+1 -> 4 | C14: ='F1'!E14 -> 4 | D14: 0 | E14: =C14*D14 -> 0 | G14: 10 | H14: 2.4.1.2 Jumlah Program Studi berdasarkan Kelompok Bidang Ilmu | I14: =IF(C20=4,"V","") -> V | J14: =IF(C20=0,"X","")
B15: =B14+1 -> 5 | C15: ='F1'!E15 -> 3 | D15: 1.8518519 | E15: =C15*D15 -> 5.5555556 | G15: 11 | H15: 2.4.1.3 Rasio Program Diploma terhadap Program Sarjana pada Universitas, Institut dan Sekolah Tinggi | I15: =IF(C21=4,"V","") -> V | J15: =IF(C21=0,"X","")
B16: =B15+1 -> 6 | C16: ='F1'!E16 -> 3 | D16: 1.8518519 | E16: =C16*D16 -> 5.5555556 | G16: 18 | H16: 4.2.1 Jumlah Dosen Tetap Minimal | I16: =IF(C28=4,"V","") -> V | J16: =IF(C28=0,"X","") | L16: Status Akreditasi | O16: =IF(AND(O10="Terpenuhi",O13>=200),"Terakreditasi Minimum","Tidak Terakreditasi Minimum") -> Terakreditasi Minimum
B17: =B16+1 -> 7 | C17: ='F1'!E17 -> 3 | D17: 3.7037037 | E17: =C17*D17 -> 11.111111 | G17: 22 | H17: 4.4.1 Jumlah Tenaga Kependidikan Minimal | I17: =IF(C32=4,"V","") -> V | J17: =IF(C32=0,"X","")
B18: =B17+1 -> 8 | C18: ='F1'!E18 -> 3 | D18: 1.8518519 | E18: =C18*D18 -> 5.5555556 | G18: 31 | H18: 8.1.1 Luas Lahan Kampus Minimal | I18: =IF(C41=4,"V","") -> V | J18: =IF(C41=0,"X","")
B19: =B18+1 -> 9 | C19: ='F1'!E19 -> 4 | D19: 0 | E19: =C19*D19 -> 0 | G19: 33 | H19: 8.1.3 Status Kepemilikan Lahan | I19: =IF(C43=4,"V","") -> V | J19: =IF(C43=0,"X","")
B20: =B19+1 -> 10 | C20: ='F1'!E20 -> 4 | D20: 0 | E20: =C20*D20 -> 0 | G20: 34 | H20: 8.2.1 Luas Ruang Kuliah | I20: =IF(C44=4,"V","") -> V | J20: =IF(C44=0,"X","")
B21: =B20+1 -> 11 | C21: ='F1'!E21 -> 4 | D21: 0 | E21: =C21*D21 -> 0 | G21: 35 | H21: 8.2.2 Luas Ruang Dosen | I21: =IF(C45=4,"V","") -> V | J21: =IF(C45=0,"X","")
B22: =B21+1 -> 12 | C22: ='F1'!E22 -> 2 | D22: 1.8518519 | E22: =C22*D22 -> 3.7037037 | G22: 36 | H22: 8.2.3 Luas Ruang Administrasi dan Kantor | I22: =IF(C46=4,"V","") -> V | J22: =IF(C46=0,"X","")
B23: =B22+1 -> 13 | C23: ='F1'!E23 -> 3 | D23: 3.7037037 | E23: =C23*D23 -> 11.111111 | G23: 37 | H23: 8.2.4 Luas Ruang Perpustakaan | I23: =IF(C47=4,"V","") -> V | J23: =IF(C47=0,"X","")
B24: =B23+1 -> 14 | C24: ='F1'!E24 -> 4 | D24: 1.8518519 | E24: =C24*D24 -> 7.4074074 | G24: 39 | H24: 8.3.1 Koleksi Buku Minimal | I24: =IF(C49=4,"V","") -> V | J24: =IF(C49=0,"X","")
B25: =B24+1 -> 15 | C25: ='F1'!E25 -> 3 | D25: 3.3333333 | E25: =C25*D25 -> 10 | G25: 41 | H25: 8.3.3 Koleksi atau Akses Jurnal Minimal | I25: =IF(C51=4,"V","") -> V | J25: =IF(C51=0,"X","")
B26: =B25+1 -> 16 | C26: ='F1'!E26 -> 4 | D26: 3.3333333 | E26: =C26*D26 -> 13.333333 | G26: 47 | H26: 9.1.1 Kepemilikan Dana Badan Penyelenggara | I26: =IF(C57=4,"V","") -> V | J26: =IF(C57=0,"X","")
B27: =B26+1 -> 17 | C27: ='F1'!E27 -> 3 | D27: 1.8181818 | E27: =C27*D27 -> 5.4545455 | G27: 48 | H27: 9.1.2 Laporan Keuangan Badan Penyelenggara | I27: =IF(C58=4,"V","") -> V | J27: =IF(C58=0,"X","")
B28: =B27+1 -> 18 | C28: ='F1'!E28 -> 4 | D28: 0 | E28: =C28*D28 -> 0 | G28: 50 | H28: 9.2.2 Proyeksi Arus Kas | I28: =IF(C60=4,"V","") -> V | J28: =IF(C60=0,"X","")
B29: =B28+1 -> 19 | C29: ='F1'!E29 -> 4 | D29: 3.6363636 | E29: =C29*D29 -> 14.545455
B30: =B29+1 -> 20 | C30: ='F1'!E30 -> 4 | D30: 5.4545455 | E30: =C30*D30 -> 21.818182 | J30: =COUNTIF(J11:J28,"X") -> 0
B31: =B30+1 -> 21 | C31: ='F1'!E31 -> 3 | D31: 3.6363636 | E31: =C31*D31 -> 10.909091 | G31: Penilaian Kelayakan dan Mutu
B32: =B31+1 -> 22 | C32: ='F1'!E32 -> 4 | D32: 0 | E32: =C32*D32 -> 0 | G32: No. Butir | H32: Deskriptor | I32: V | J32: X
B33: =B32+1 -> 23 | C33: ='F1'!E33 -> 4 | D33: 1.8181818 | E33: =C33*D33 -> 7.2727273 | G33: 1 | H33: 1.1 Visi, Misi, Tujuan dan Sasaran | I33: =IF(C11>=2,"V","") -> V | J33: =IF(C11<2,"X","")
B34: =B33+1 -> 24 | C34: ='F1'!E34 -> 1.1111111 | D34: 1.8181818 | E34: =C34*D34 -> 2.020202 | G34: =G33+1 -> 2 | H34: 1.2 Tonggak Capaian Tujuan | I34: =IF(C12>=2,"V","") -> V | J34: =IF(C12<2,"X","")
B35: =B34+1 -> 25 | C35: ='F1'!E35 -> 2.8 | D35: 1.8181818 | E35: =C35*D35 -> 5.0909091 | G35: =G12+1 -> 5 | H35: 2.2.1 Rancangan Tata Pamong | I35: =IF(C15>=2,"V","") -> V | J35: =IF(C15<2,"X","")
B36: =B35+1 -> 26 | C36: ='F1'!E36 -> 2.5 | D36: 3.3333333 | E36: =C36*D36 -> 8.3333333 | G36: =G35+1 -> 6 | H36: 2.2.2 Rancangan Struktur Organisasi dan OTK | I36: =IF(C16>=2,"V","") -> V | J36: =IF(C16<2,"X","")
B37: =B36+1 -> 27 | C37: ='F1'!E37 -> 2.5 | D37: 3.3333333 | E37: =C37*D37 -> 8.3333333 | G37: =G36+1 -> 7 | H37: 2.3.1 Rancangan Dokumen Sistem Pengelolaan | I37: =IF(C17>=2,"V","") -> V | J37: =IF(C17<2,"X","")
B38: =B37+1 -> 28 | C38: ='F1'!E38 -> 2.5 | D38: 3.3333333 | E38: =C38*D38 -> 8.3333333 | G38: =G37+1 -> 8 | H38: 2.3.2 Rancangan Diseminasi/ Laporan Hasil Kerja | I38: =IF(C18>=2,"V","") -> V | J38: =IF(C18<2,"X","")
B39: =B38+1 -> 29 | C39: ='F1'!E39 -> 2 | D39: 3.3333333 | E39: =C39*D39 -> 6.6666667 | G39: 12 | H39: 2.4.2 Akreditasi Program Studi Terakreditasi | I39: =IF(C22>=2,"V","") -> V | J39: =IF(C22<2,"X","")
B40: =B39+1 -> 30 | C40: ='F1'!E40 -> 2 | D40: 3.3333333 | E40: =C40*D40 -> 6.6666667 | G40: =G39+1 -> 13 | H40: 2.5 Rancangan Sistem Penjaminan Mutu | I40: =IF(C23>=2,"V","") -> V | J40: =IF(C23<2,"X","")
B41: =B40+1 -> 31 | C41: ='F1'!E41 -> 4 | D41: 0 | E41: =C41*D41 -> 0 | G41: =G40+1 -> 14 | H41: 2.6 Kebijakan Kerjasama Perguruan Tinggi | I41: =IF(C24>=2,"V","") -> V | J41: =IF(C24<2,"X","")
B42: =B41+1 -> 32 | C42: ='F1'!E42 -> 3.1785 | D42: 7.7777778 | E42: =C42*D42 -> 24.721667 | G42: =G41+1 -> 15 | H42: 3.1 Sistem Seleksi dan Rekrutmen Mahasiswa Baru | I42: =IF(C25>=2,"V","") -> V | J42: =IF(C25<2,"X","")
B43: =B42+1 -> 33 | C43: ='F1'!E43 -> 4 | D43: 0 | E43: =C43*D43 -> 0 | G43: =G42+1 -> 16 | H43: 3.2 Kebijakan Afirmasi Penerimaan Mahasiswa Baru | I43: =IF(C26>=2,"V","") -> V | J43: =IF(C26<2,"X","")
B44: =B43+1 -> 34 | C44: ='F1'!E44 -> 4 | D44: 0 | E44: =C44*D44 -> 0 | G44: =G43+1 -> 17 | H44: 4.1 Rancangan Sistem Pengelolaan Sumber Daya Manusia | I44: =IF(C27>=2,"V","") -> V | J44: =IF(C27<2,"X","")
B45: =B44+1 -> 35 | C45: ='F1'!E45 -> 4 | D45: 0 | E45: =C45*D45 -> 0 | G45: 19 | H45: 4.2.2 Jumlah Dosen Tetap | I45: =IF(C29>=2,"V","") -> V | J45: =IF(C29<2,"X","")
B46: =B45+1 -> 36 | C46: ='F1'!E46 -> 4 | D46: 0 | E46: =C46*D46 -> 0 | G46: =G45+1 -> 20 | H46: 4.2.3 Kualifikasi Dosen | I46: =IF(C30>=2,"V","") -> V | J46: =IF(C30<2,"X","")
B47: =B46+1 -> 37 | C47: ='F1'!E47 -> 4 | D47: 0 | E47: =C47*D47 -> 0 | G47: =G46+1 -> 21 | H47: 4.3 Rencana Pengembangan Dosen | I47: =IF(C31>=2,"V","") -> V | J47: =IF(C31<2,"X","")
B48: =B47+1 -> 38 | C48: ='F1'!E48 -> 4 | D48: 3.8888889 | E48: =C48*D48 -> 15.555556 | G48: 23 | H48: 4.4.2 Tenaga Administrasi | I48: =IF(C33>=2,"V","") -> V | J48: =IF(C33<2,"X","")
B49: =B48+1 -> 39 | C49: ='F1'!E49 -> 4 | D49: 0 | E49: =C49*D49 -> 0 | G49: =G48+1 -> 24 | H49: 4.4.3 Tenaga Laboran dan Teknisi | I49: =IF(C34>=2,"V","") | J49: =IF(C34<2,"X","") -> X
B50: =B49+1 -> 40 | C50: ='F1'!E50 -> 1 | D50: 1.9444444 | E50: =C50*D50 -> 1.9444444 | G50: =G49+1 -> 25 | H50: 4.4.4 Tenaga Perpustakaan | I50: =IF(C35>=2,"V","") -> V | J50: =IF(C35<2,"X","")
B51: =B50+1 -> 41 | C51: ='F1'!E51 -> 4 | D51: 0 | E51: =C51*D51 -> 0 | G51: =G50+1 -> 26 | H51: 5.1 Pedoman Akademik | I51: =IF(C36>=2,"V","") -> V | J51: =IF(C36<2,"X","")
B52: =B51+1 -> 42 | C52: ='F1'!E52 -> 2 | D52: 1.9444444 | E52: =C52*D52 -> 3.8888889 | G52: =G51+1 -> 27 | H52: 5.2 Kebijakan Pengembangan Kurikulum | I52: =IF(C37>=2,"V","") -> V | J52: =IF(C37<2,"X","")
B53: =B52+1 -> 43 | C53: ='F1'!E53 -> 3 | D53: 1.9444444 | E53: =C53*D53 -> 5.8333333 | G53: =G52+1 -> 28 | H53: 5.3 Kebijakan Pengembangan Suasana Akademik | I53: =IF(C38>=2,"V","") -> V | J53: =IF(C38<2,"X","")
B54: =B53+1 -> 44 | C54: ='F1'!E54 -> 2 | D54: 1.9444444 | E54: =C54*D54 -> 3.8888889 | G54: =G53+1 -> 29 | H54: 6.1.1 Kebijakan Penelitian | I54: =IF(C39>=2,"V","") -> V | J54: =IF(C39<2,"X","")
B55: =B54+1 -> 45 | C55: ='F1'!E55 -> 2 | D55: 1.9444444 | E55: =C55*D55 -> 3.8888889 | G55: =G54+1 -> 30 | H55: 7.1.1 Kebijakan PkM | I55: =IF(C40>=2,"V","") -> V | J55: =IF(C40<2,"X","")
B56: =B55+1 -> 46 | C56: ='F1'!E56 -> 2 | D56: 1.9444444 | E56: =C56*D56 -> 3.8888889 | G56: 32 | H56: 8.1.2 Luas Lahan Kampus | I56: =IF(C42>=2,"V","") -> V | J56: =IF(C42<2,"X","") | L56: Pengesahan
B57: =B56+1 -> 47 | C57: ='F1'!E57 -> 4 | D57: 0 | E57: =C57*D57 -> 0 | G57: 38 | H57: 8.2.5 Ruang Laboratorium | I57: =IF(C48>=2,"V","") -> V | J57: =IF(C48<2,"X","")
B58: =B57+1 -> 48 | C58: ='F1'!E58 -> 4 | D58: 0 | E58: =C58*D58 -> 0 | G58: 40 | H58: 8.3.2 Koleksi Buku | I58: =IF(C50>=2,"V","") | J58: =IF(C50<2,"X","") -> X
B59: =B58+1 -> 49 | C59: ='F1'!E59 -> 2 | D59: 2.2222222 | E59: =C59*D59 -> 4.4444444 | G59: 42 | H59: 8.3.4 Koleksi atau Akses Jurnal | I59: =IF(C52>=2,"V","") -> V | J59: =IF(C52<2,"X","")
B60: =B59+1 -> 50 | C60: ='F1'!E60 -> 4 | D60: 0 | E60: =C60*D60 -> 0 | G60: =G59+1 -> 43 | H60: 8.3.5 Sarana Penunjang | I60: =IF(C53>=2,"V","") -> V | J60: =IF(C53<2,"X","")
B61: =B60+1 -> 51 | C61: ='F1'!E61 -> 4 | D61: 2.2222222 | E61: =C61*D61 -> 8.8888889 | G61: =G60+1 -> 44 | H61: 8.4.1 Kebijakan Pengelolaan Sarana dan Prasarana | I61: =IF(C54>=2,"V","") -> V | J61: =IF(C54<2,"X","")
B62: =B61+1 -> 52 | C62: ='F1'!E62 -> 2 | D62: 2.2222222 | E62: =C62*D62 -> 4.4444444 | G62: =G61+1 -> 45 | H62: 8.4.2 Rencana Pemanfaatan Lahan dan Pengembangan Prasarana | I62: =IF(C55>=2,"V","") -> V | J62: =IF(C55<2,"X","")
G63: =G62+1 -> 46 | H63: 8.4.3 Rencana Pengembangan Sarana Pembelajaran | I63: =IF(C56>=2,"V","") -> V | J63: =IF(C56<2,"X","")
B64: Umum | D64: Jumlah nilai | E64: =SUM(E11:E62) -> 290.16611 | G64: 49 | H64: 9.2.1 Kebijakan Pengelolaan Dana | I64: =IF(C59>=2,"V","") -> V | J64: =IF(C59<2,"X","")
B65: Hukum | G65: 51 | H65: 9.2.2.1 Rencana Penerimaan Dana | I65: =IF(C61>=2,"V","") -> V | J65: =IF(C61<2,"X","") | L65: ='F1'!D6 -> Prof.Dr. Ramdani Wahyu Suurie, M.Ag.,M.Si
B66: Keuangan | G66: =G65+1 -> 52 | H66: 9.2.2.2 Rencana Penggunaan Dana | I66: =IF(C62>=2,"V","") -> V | J66: =IF(C62<2,"X","")

Sheet Nilai AL
A1: REKAPITULASI NILAI ASESMEN LAPANGAN
A3: Nama Perguruan Tinggi: | D3: =Menu!H6 -> Yayasan Ibnu Atha’illah
A4: Nama Asesor: | D4: =Menu!R16 -> Prof. Dr. Ramdani Wahyu Sururie
D5: =Menu!R18 -> Prof. Dr. Fauzan, MA
A6: Kode Panel: | D6: ='F1'!D7 -> 0
A7: Tanggal Penilaian: | D7: =Menu!R24 -> 24 Mei 2026
B10: NO. BUTIR | C10: F4 Nilai Akhir Asesor AL | G10: Penilaian Mutlak | L10: Rekap Asesmen Lapangan
C11: Skor | D11: Bobot | E11: Skor x Bobot | G11: No. Butir | H11: Deskriptor | I11: V | J11: X | L11: Penilaian Mutlak | O11: =IF(J31=0,"Terpenuhi","Belum Terpenuhi") -> Terpenuhi
B12: 1 | C12: 3.5 | D12: 5 | E12: =C12*D12 -> 17.5 | G12: 3 | H12: 2.1.1 Akta Notaris Pendirian Badan Hukum Penyelenggara | I12: =IF(C14=4,"V","") -> V | J12: =IF(C14=0,"X","")
B13: =B12+1 -> 2 | C13: 3.5 | D13: 5 | E13: =C13*D13 -> 17.5 | G13: 4 | H13: 2.1.2 SK Pengesahan Badan Penyelenggara | I13: =IF(C15=4,"V","") -> V | J13: =IF(C15=0,"X","")
B14: =B13+1 -> 3 | C14: ='F1'!E13 -> 4 | D14: 0 | E14: =C14*D14 -> 0 | G14: 9 | H14: 2.4.1.1 Jumlah Program Studi | I14: =IF(C20=4,"V","") -> V | J14: =IF(C20=0,"X","") | L14: Penilaian Kelayakan dan Mutu | O14: =E71 -> 324.62963
B15: =B14+1 -> 4 | C15: ='F1'!E14 -> 4 | D15: 0 | E15: =C15*D15 -> 0 | G15: 10 | H15: 2.4.1.2 Jumlah Program Studi berdasarkan Kelompok Bidang Ilmu | I15: =IF(C21=4,"V","") -> V | J15: =IF(C21=0,"X","")
B16: =B15+1 -> 5 | C16: 3.4 | D16: 1.8518519 | E16: =C16*D16 -> 6.2962963 | G16: 11 | H16: 2.4.1.3 Rasio Program Diploma terhadap Program Sarjana pada Universitas, Institut dan Sekolah Tinggi | I16: =IF(C22=4,"V","") -> V | J16: =IF(C22=0,"X","")
B17: =B16+1 -> 6 | C17: ='F4'!F19 -> 3.5 | D17: 1.8518519 | E17: =C17*D17 -> 6.4814815 | G17: 18 | H17: 4.2.1 Jumlah Dosen Tetap Minimal | I17: =IF(C29=4,"V","") -> V | J17: =IF(C29=0,"X","") | L17: Status Akreditasi | O17: =IF(AND(O11="Terpenuhi",O14>=200),"Terakreditasi Minimum","Tidak Terakreditasi Minimum") -> Terakreditasi Minimum
B18: =B17+1 -> 7 | C18: 3.5 | D18: 3.7037037 | E18: =C18*D18 -> 12.962963 | G18: 22 | H18: 4.4.1 Jumlah Tenaga Kependidikan Minimal | I18: =IF(C33=4,"V","") -> V | J18: =IF(C33=0,"X","")
B19: =B18+1 -> 8 | C19: ='F4'!F21 -> 3.5 | D19: 1.8518519 | E19: =C19*D19 -> 6.4814815 | G19: 31 | H19: 8.1.1 Luas Lahan Kampus Minimal | I19: =IF(C42=4,"V","") -> V | J19: =IF(C42=0,"X","")
B20: =B19+1 -> 9 | C20: ='F1'!E19 -> 4 | D20: 0 | E20: =C20*D20 -> 0 | G20: 33 | H20: 8.1.3 Status Kepemilikan Lahan | I20: =IF(C44=4,"V","") -> V | J20: =IF(C44=0,"X","")
B21: =B20+1 -> 10 | C21: ='F1'!E20 -> 4 | D21: 0 | E21: =C21*D21 -> 0 | G21: 34 | H21: 8.2.1 Luas Ruang Kuliah | I21: =IF(C45=4,"V","") -> V | J21: =IF(C45=0,"X","")
B22: =B21+1 -> 11 | C22: ='F1'!E21 -> 4 | D22: 0 | E22: =C22*D22 -> 0 | G22: 35 | H22: 8.2.2 Luas Ruang Dosen | I22: =IF(C46=4,"V","") -> V | J22: =IF(C46=0,"X","")
B23: =B22+1 -> 12 | C23: 3.5 | D23: 1.8518519 | E23: =C23*D23 -> 6.4814815 | G23: 36 | H23: 8.2.3 Luas Ruang Administrasi dan Kantor | I23: =IF(C47=4,"V","") -> V | J23: =IF(C47=0,"X","")
B24: =B23+1 -> 13 | C24: ='F4'!F26 -> 3 | D24: 3.7037037 | E24: =C24*D24 -> 11.111111 | G24: 37 | H24: 8.2.4 Luas Ruang Perpustakaan | I24: =IF(C48=4,"V","") -> V | J24: =IF(C48=0,"X","")
B25: =B24+1 -> 14 | C25: ='F4'!F27 -> 3.5 | D25: 1.8518519 | E25: =C25*D25 -> 6.4814815 | G25: 39 | H25: 8.3.1 Koleksi Buku Minimal | I25: =IF(C50=4,"V","") -> V | J25: =IF(C50=0,"X","")
B26: =B25+1 -> 15 | C26: ='F4'!F28 -> 3.5 | D26: 3.3333333 | E26: =C26*D26 -> 11.666667 | G26: 41 | H26: 8.3.3 Koleksi atau Akses Jurnal Minimal | I26: =IF(C52=4,"V","") -> V | J26: =IF(C52=0,"X","")
B27: =B26+1 -> 16 | C27: ='F4'!F29 -> 3.5 | D27: 3.3333333 | E27: =C27*D27 -> 11.666667 | G27: 47 | H27: 9.1.1 Kepemilikan Dana Badan Penyelenggara | I27: =IF(C58=4,"V","") -> V | J27: =IF(C58=0,"X","")
B28: =B27+1 -> 17 | C28: ='F4'!F30 -> 3.5 | D28: 1.8181818 | E28: =C28*D28 -> 6.3636364 | G28: 48 | H28: 9.1.2 Laporan Keuangan Badan Penyelenggara | I28: =IF(C59=4,"V","") -> V | J28: =IF(C59=0,"X","")
B29: =B28+1 -> 18 | C29: ='F1'!E28 -> 4 | D29: 0 | E29: =C29*D29 -> 0 | G29: 50 | H29: 9.2.2 Proyeksi Arus Kas | I29: =IF(C61=4,"V","") -> V | J29: =IF(C61=0,"X","")
B30: =B29+1 -> 19 | C30: ='F4'!F32 -> 3.5 | D30: 3.6363636 | E30: =C30*D30 -> 12.727273
B31: =B30+1 -> 20 | C31: ='F4'!F33 -> 3.5 | D31: 5.4545455 | E31: =C31*D31 -> 19.090909 | J31: =COUNTIF(J12:J29,"X") -> 0
B32: =B31+1 -> 21 | C32: ='F4'!F34 -> 3.5 | D32: 3.6363636 | E32: =C32*D32 -> 12.727273 | G32: Penilaian Kelayakan dan Mutu
B33: =B32+1 -> 22 | C33: ='F1'!E32 -> 4 | D33: 0 | E33: =C33*D33 -> 0 | G33: No. Butir | H33: Deskriptor | I33: V | J33: X
B34: =B33+1 -> 23 | C34: ='F4'!F36 -> 3.5 | D34: 1.8181818 | E34: =C34*D34 -> 6.3636364 | G34: 1 | H34: 1.1 Visi, Misi, Tujuan dan Sasaran | I34: =IF(C12>=2,"V","") -> V | J34: =IF(C12<2,"X","")
B35: =B34+1 -> 24 | C35: ='F4'!F37 -> 3.5 | D35: 1.8181818 | E35: =C35*D35 -> 6.3636364 | G35: =G34+1 -> 2 | H35: 1.2 Tonggak Capaian Tujuan | I35: =IF(C13>=2,"V","") -> V | J35: =IF(C13<2,"X","")
B36: =B35+1 -> 25 | C36: ='F4'!F38 -> 3.5 | D36: 1.8181818 | E36: =C36*D36 -> 6.3636364 | G36: =G13+1 -> 5 | H36: 2.2.1 Rancangan Tata Pamong | I36: =IF(C16>=2,"V","") -> V | J36: =IF(C16<2,"X","")
B37: =B36+1 -> 26 | C37: ='F4'!F39 -> 3 | D37: 3.3333333 | E37: =C37*D37 -> 10 | G37: =G36+1 -> 6 | H37: 2.2.2 Rancangan Struktur Organisasi dan OTK | I37: =IF(C17>=2,"V","") -> V | J37: =IF(C17<2,"X","")
B38: =B37+1 -> 27 | C38: ='F4'!F40 -> 3 | D38: 3.3333333 | E38: =C38*D38 -> 10 | G38: =G37+1 -> 7 | H38: 2.3.1 Rancangan Dokumen Sistem Pengelolaan | I38: =IF(C18>=2,"V","") -> V | J38: =IF(C18<2,"X","")
B39: =B38+1 -> 28 | C39: ='F4'!F41 -> 3 | D39: 3.3333333 | E39: =C39*D39 -> 10 | G39: =G38+1 -> 8 | H39: 2.3.2 Rancangan Diseminasi/ Laporan Hasil Kerja | I39: =IF(C19>=2,"V","") -> V | J39: =IF(C19<2,"X","")
B40: =B39+1 -> 29 | C40: ='F4'!F42 -> 3 | D40: 3.3333333 | E40: =C40*D40 -> 10 | G40: 12 | H40: 2.4.2 Akreditasi Program Studi Terakreditasi | I40: =IF(C23>=2,"V","") -> V | J40: =IF(C23<2,"X","")
B41: =B40+1 -> 30 | C41: ='F4'!F43 -> 3 | D41: 3.3333333 | E41: =C41*D41 -> 10 | G41: =G40+1 -> 13 | H41: 2.5 Rancangan Sistem Penjaminan Mutu | I41: =IF(C24>=2,"V","") -> V | J41: =IF(C24<2,"X","")
B42: =B41+1 -> 31 | C42: ='F1'!E41 -> 4 | D42: 0 | E42: =C42*D42 -> 0 | G42: =G41+1 -> 14 | H42: 2.6 Kebijakan Kerjasama Perguruan Tinggi | I42: =IF(C25>=2,"V","") -> V | J42: =IF(C25<2,"X","")
B43: =B42+1 -> 32 | C43: ='F4'!F45 -> 3 | D43: 7.7777778 | E43: =C43*D43 -> 23.333333 | G43: =G42+1 -> 15 | H43: 3.1 Sistem Seleksi dan Rekrutmen Mahasiswa Baru | I43: =IF(C26>=2,"V","") -> V | J43: =IF(C26<2,"X","")
B44: =B43+1 -> 33 | C44: ='F1'!E43 -> 4 | D44: 0 | E44: =C44*D44 -> 0 | G44: =G43+1 -> 16 | H44: 3.2 Kebijakan Afirmasi Penerimaan Mahasiswa Baru | I44: =IF(C27>=2,"V","") -> V | J44: =IF(C27<2,"X","")
B45: =B44+1 -> 34 | C45: ='F1'!E44 -> 4 | D45: 0 | E45: =C45*D45 -> 0 | G45: =G44+1 -> 17 | H45: 4.1 Rancangan Sistem Pengelolaan Sumber Daya Manusia | I45: =IF(C28>=2,"V","") -> V | J45: =IF(C28<2,"X","")
B46: =B45+1 -> 35 | C46: ='F1'!E45 -> 4 | D46: 0 | E46: =C46*D46 -> 0 | G46: 19 | H46: 4.2.2 Jumlah Dosen Tetap | I46: =IF(C30>=2,"V","") -> V | J46: =IF(C30<2,"X","")
B47: =B46+1 -> 36 | C47: ='F1'!E46 -> 4 | D47: 0 | E47: =C47*D47 -> 0 | G47: =G46+1 -> 20 | H47: 4.2.3 Kualifikasi Dosen | I47: =IF(C31>=2,"V","") -> V | J47: =IF(C31<2,"X","")
B48: =B47+1 -> 37 | C48: ='F1'!E47 -> 4 | D48: 0 | E48: =C48*D48 -> 0 | G48: =G47+1 -> 21 | H48: 4.3 Rencana Pengembangan Dosen | I48: =IF(C32>=2,"V","") -> V | J48: =IF(C32<2,"X","")
B49: =B48+1 -> 38 | C49: ='F4'!F51 -> 3 | D49: 3.8888889 | E49: =C49*D49 -> 11.666667 | G49: 23 | H49: 4.4.2 Tenaga Administrasi | I49: =IF(C34>=2,"V","") -> V | J49: =IF(C34<2,"X","")
B50: =B49+1 -> 39 | C50: ='F1'!E49 -> 4 | D50: 0 | E50: =C50*D50 -> 0 | G50: =G49+1 -> 24 | H50: 4.4.3 Tenaga Laboran dan Teknisi | I50: =IF(C35>=2,"V","") -> V | J50: =IF(C35<2,"X","")
B51: =B50+1 -> 40 | C51: ='F4'!F53 -> 3 | D51: 1.9444444 | E51: =C51*D51 -> 5.8333333 | G51: =G50+1 -> 25 | H51: 4.4.4 Tenaga Perpustakaan | I51: =IF(C36>=2,"V","") -> V | J51: =IF(C36<2,"X","")
B52: =B51+1 -> 41 | C52: ='F1'!E51 -> 4 | D52: 0 | E52: =C52*D52 -> 0 | G52: =G51+1 -> 26 | H52: 5.1 Pedoman Akademik | I52: =IF(C37>=2,"V","") -> V | J52: =IF(C37<2,"X","")
B53: =B52+1 -> 42 | C53: ='F4'!F55 -> 3 | D53: 1.9444444 | E53: =C53*D53 -> 5.8333333 | G53: =G52+1 -> 27 | H53: 5.2 Kebijakan Pengembangan Kurikulum | I53: =IF(C38>=2,"V","") -> V | J53: =IF(C38<2,"X","")
B54: =B53+1 -> 43 | C54: ='F4'!F56 -> 3 | D54: 1.9444444 | E54: =C54*D54 -> 5.8333333 | G54: =G53+1 -> 28 | H54: 5.3 Kebijakan Pengembangan Suasana Akademik | I54: =IF(C39>=2,"V","") -> V | J54: =IF(C39<2,"X","")
B55: =B54+1 -> 44 | C55: ='F4'!F57 -> 3 | D55: 1.9444444 | E55: =C55*D55 -> 5.8333333 | G55: =G54+1 -> 29 | H55: 6.1.1 Kebijakan Penelitian | I55: =IF(C40>=2,"V","") -> V | J55: =IF(C40<2,"X","")
B56: =B55+1 -> 45 | C56: ='F4'!F58 -> 3 | D56: 1.9444444 | E56: =C56*D56 -> 5.8333333 | G56: =G55+1 -> 30 | H56: 7.1.1 Kebijakan PkM | I56: =IF(C41>=2,"V","") -> V | J56: =IF(C41<2,"X","")
B57: =B56+1 -> 46 | C57: ='F4'!F59 -> 3 | D57: 1.9444444 | E57: =C57*D57 -> 5.8333333 | G57: 32 | H57: 8.1.2 Luas Lahan Kampus | I57: =IF(C43>=2,"V","") -> V | J57: =IF(C43<2,"X","") | L57: Pengesahan
B58: =B57+1 -> 47 | C58: ='F1'!E57 -> 4 | D58: 0 | E58: =C58*D58 -> 0 | G58: 38 | H58: 8.2.5 Ruang Laboratorium | I58: =IF(C49>=2,"V","") -> V | J58: =IF(C49<2,"X","")
B59: =B58+1 -> 48 | C59: ='F1'!E58 -> 4 | D59: 0 | E59: =C59*D59 -> 0 | G59: 40 | H59: 8.3.2 Koleksi Buku | I59: =IF(C51>=2,"V","") -> V | J59: =IF(C51<2,"X","")
B60: =B59+1 -> 49 | C60: ='F4'!F62 -> 3 | D60: 2.2222222 | E60: =C60*D60 -> 6.6666667 | G60: 42 | H60: 8.3.4 Koleksi atau Akses Jurnal | I60: =IF(C53>=2,"V","") -> V | J60: =IF(C53<2,"X","")
B61: =B60+1 -> 50 | C61: ='F1'!E60 -> 4 | D61: 0 | E61: =C61*D61 -> 0 | G61: =G60+1 -> 43 | H61: 8.3.5 Sarana Penunjang | I61: =IF(C54>=2,"V","") -> V | J61: =IF(C54<2,"X","")
B62: =B61+1 -> 51 | C62: ='F4'!F64 -> 3 | D62: 2.2222222 | E62: =C62*D62 -> 6.6666667 | G62: =G61+1 -> 44 | H62: 8.4.1 Kebijakan Pengelolaan Sarana dan Prasarana | I62: =IF(C55>=2,"V","") -> V | J62: =IF(C55<2,"X","")
B63: =B62+1 -> 52 | C63: ='F4'!F65 -> 3 | D63: 2.2222222 | E63: =C63*D63 -> 6.6666667 | G63: =G62+1 -> 45 | H63: 8.4.2 Rencana Pemanfaatan Lahan dan Pengembangan Prasarana | I63: =IF(C56>=2,"V","") -> V | J63: =IF(C56<2,"X","") | L63: 1. Prof. Dr. Ramdani Wahyu Sururie
L69: 2. Prof.Dr.H. Bambang Qomaruzzaman, M.Ag
G70: =G63+1 -> 46 | H70: 8.4.3 Rencana Pengembangan Sarana Pembelajaran | I70: =IF(C57>=2,"V","") -> V | J70: =IF(C57<2,"X","")
B71: Umum | D71: Jumlah nilai | E71: =SUM(E12:E63) -> 324.62963 | G71: 49 | H71: 9.2.1 Kebijakan Pengelolaan Dana | I71: =IF(C60>=2,"V","") -> V | J71: =IF(C60<2,"X","")
B72: Hukum | G72: 51 | H72: 9.2.2.1 Rencana Penerimaan Dana | I72: =IF(C62>=2,"V","") -> V | J72: =IF(C62<2,"X","")
B73: Keuangan | G73: =G72+1 -> 52 | H73: 9.2.2.2 Rencana Penggunaan Dana | I73: =IF(C63>=2,"V","") -> V | J73: =IF(C63<2,"X","")
